2025-07-28,19:31:07,main.py - PyVerse - Visual Studio Code
2025-07-28,19:32:07,Copilot
2025-07-28,19:33:07,tracker.py - PyVerse - Visual Studio Code
2025-07-28,19:45:50,main.py - PyVerse - Visual Studio Code
2025-07-28,19:46:50,Copilot
2025-07-28,19:47:50,Copilot
2025-07-28,19:48:50,Copilot
2025-07-28,19:49:50,
2025-07-28,19:50:50,analyzer.py - PyVerse - Visual Studio Code
2025-07-28,19:51:50,Copilot
2025-07-28,19:52:50,Copilot
2025-07-28,19:53:50,ScreenTime Tracker | V-X
2025-07-28,19:54:50,Copilot
2025-07-28,19:55:50,ScreenTime Tracker | V-X
2025-07-28,19:56:50,ScreenTime Tracker v2077
2025-07-28,19:57:50,ScreenTime Tracker v2077
2025-07-28,19:58:50,ScreenTime Tracker v2077
2025-07-28,19:59:50,ScreenTime Tracker v2077
2025-07-28,20:00:50,ScreenTime Tracker v2077
2025-07-28,20:01:50,ScreenTime Tracker v2077
2025-07-28,20:02:50,ScreenTime Tracker v2077
2025-07-28,20:03:50,ScreenTime Tracker v2077
2025-07-28,20:04:50,Copilot
2025-07-28,20:05:50,Copilot
2025-07-28,20:06:50,Copilot
2025-07-28,20:07:50,Copilot
2025-07-28,20:08:50,Copilot
2025-07-28,20:09:50,Copilot
2025-07-28,20:10:50,Copilot
2025-07-28,20:11:50,Copilot
2025-07-28,20:12:50,Copilot
2025-07-28,20:13:50,Copilot
2025-07-28,20:14:50,Copilot
2025-07-28,20:15:50,Copilot
2025-07-28,20:16:50,Copilot
2025-07-28,20:17:50,Copilot
2025-07-28,20:18:50,Copilot
2025-07-28,20:19:50,Copilot
2025-07-28,20:20:50,Copilot
2025-07-28,20:21:50,Copilot
2025-07-28,20:22:50,Copilot
2025-07-28,20:23:50,Copilot
2025-07-28,20:24:50,Copilot
2025-07-28,20:25:50,Copilot
2025-07-28,20:26:50,Copilot
2025-07-28,20:27:50,Copilot
2025-07-28,20:28:50,Copilot
2025-07-28,20:29:50,Copilot
2025-07-28,20:30:50,Copilot
2025-07-28,20:31:50,Copilot
2025-07-28,20:32:50,Copilot
2025-07-28,20:33:50,Copilot
2025-07-28,20:34:50,Copilot
2025-07-28,20:35:50,Copilot
2025-07-28,20:36:50,Copilot
2025-07-28,20:37:50,Copilot
2025-07-28,20:38:50,Copilot
2025-07-28,20:39:50,Copilot
2025-07-28,20:40:50,Copilot
2025-07-28,20:41:50,Copilot
2025-07-28,20:42:50,Copilot
2025-07-28,20:43:50,Copilot
2025-07-28,20:44:50,Copilot
