password,target_label,actual_label,label_match
wuy32,weak,weak,True
guest,weak,weak,True
lkcqns,weak,weak,True
871844,weak,weak,True
tom,weak,weak,True
user,weak,weak,True
iyf10,weak,weak,True
pcj74,weak,weak,True
d3mo,weak,weak,True
575828,weak,weak,True
asdfgh,weak,weak,True
ehsl,weak,weak,True
john,weak,weak,True
asdfgh,weak,weak,True
asdfgh,weak,weak,True
2289,weak,weak,True
us3r,weak,weak,True
anna,weak,weak,True
ggwrl,weak,weak,True
ofba,weak,weak,True
rciu,weak,weak,True
asdfgh,weak,weak,True
vnau,weak,weak,True
zxcvbn,weak,weak,True
5659,weak,weak,True
pds43,weak,weak,True
zxcvbn,weak,weak,True
test123123,weak,weak,True
user000,weak,weak,True
pnr62,weak,weak,True
4dmin,weak,weak,True
saxao,weak,weak,True
cmzza,weak,weak,True
emma,weak,weak,True
xyl37,weak,weak,True
john,weak,weak,True
tfga,weak,weak,True
qwerty,weak,weak,True
amq29,weak,weak,True
fuka,weak,weak,True
zxcvbn,weak,weak,True
t3st123,weak,weak,True
6716,weak,weak,True
qwerty,weak,weak,True
us3r,weak,weak,True
8812,weak,weak,True
lin38,weak,weak,True
123456999,weak,weak,True
chris,weak,weak,True
slw,weak,weak,True
phbsn,weak,weak,True
zxcvbn,weak,weak,True
emma,weak,weak,True
kpwfo,weak,weak,True
qwerty,weak,weak,True
3896,weak,weak,True
kso84,weak,weak,True
sjdnsp,weak,weak,True
gbu18,weak,weak,True
qwerty,weak,weak,True
tom,weak,weak,True
tom,weak,weak,True
admin,weak,weak,True
t3st,weak,weak,True
623845,weak,weak,True
4dmin,weak,weak,True
cje87,weak,weak,True
anna,weak,weak,True
1835,weak,weak,True
qhspi,weak,weak,True
fbq22,weak,weak,True
t3st123,weak,weak,True
test123,weak,weak,True
temp789,weak,weak,True
gu3st,weak,weak,True
rshjlx,weak,weak,True
world,weak,weak,True
jane,weak,weak,True
ugulv,weak,weak,True
login,weak,weak,True
13554,weak,weak,True
448446,weak,weak,True
asdfgh,weak,weak,True
emgwo,weak,weak,True
abc123,weak,weak,True
user123,weak,weak,True
emma,weak,weak,True
744773,weak,weak,True
t3st123,weak,weak,True
gsie,weak,weak,True
lisa,weak,weak,True
ocb,weak,weak,True
jane,weak,weak,True
t3st123,weak,weak,True
temp999,weak,weak,True
caxdze,weak,weak,True
joe,weak,weak,True
szxjom,weak,weak,True
test123123,weak,weak,True
qwerty999,weak,weak,True
qvrj,weak,weak,True
qwerty,weak,weak,True
qwerty,weak,weak,True
zsj96,weak,weak,True
omm,weak,weak,True
287729,weak,weak,True
zxcvbn,weak,weak,True
qwerty,weak,weak,True
test,weak,weak,True
cgajja,weak,weak,True
h3llo,weak,weak,True
21231,weak,weak,True
snlmp,weak,weak,True
aos77,weak,weak,True
ejtysc,weak,weak,True
asdfgh,weak,weak,True
world,weak,weak,True
qwerty,weak,weak,True
jpo88,weak,weak,True
84745,weak,weak,True
51688,weak,weak,True
123456,weak,weak,True
763821,weak,weak,True
mary,weak,weak,True
john,weak,weak,True
1747,weak,weak,True
123456,weak,weak,True
nwykos,weak,weak,True
vue20,weak,weak,True
fri55,weak,weak,True
8127,weak,weak,True
zxcvbn,weak,weak,True
tno38,weak,weak,True
yxj59,weak,weak,True
fehoz,weak,weak,True
test123,weak,weak,True
1326,weak,weak,True
us3r,weak,weak,True
dzp47,weak,weak,True
3544,weak,weak,True
alex,weak,weak,True
228659,weak,weak,True
asdfgh,weak,weak,True
test123,weak,weak,True
hjlfd,weak,weak,True
david2020,weak,weak,True
elgqeg,weak,weak,True
72481,weak,weak,True
gkrwe,weak,weak,True
496144,weak,weak,True
asdfgh,weak,weak,True
123456456,weak,weak,True
chris,weak,weak,True
ewcyr,weak,weak,True
test,weak,weak,True
98678,weak,weak,True
alex,weak,weak,True
edo,weak,weak,True
jane,weak,weak,True
asdfgh,weak,weak,True
qwerty,weak,weak,True
qwerty,weak,weak,True
ffz13,weak,weak,True
aesepv,weak,weak,True
hdi42,weak,weak,True
user111,weak,weak,True
sarah,weak,weak,True
temp,weak,weak,True
htw79,weak,weak,True
user,weak,weak,True
user000,weak,weak,True
2181,weak,weak,True
eqs,weak,weak,True
t3st,weak,weak,True
65575,weak,weak,True
qwerty,weak,weak,True
368625,weak,weak,True
4499,weak,weak,True
568296,weak,weak,True
login,weak,weak,True
493453,weak,weak,True
asdfgh,weak,weak,True
4966,weak,weak,True
fue30,weak,weak,True
david2020,weak,weak,True
esdxc,weak,weak,True
142874,weak,weak,True
47145,weak,weak,True
hello,weak,weak,True
qmod,weak,weak,True
zxcvbn,weak,weak,True
imf,weak,weak,True
xcrq,weak,weak,True
pyxca,weak,weak,True
admin,weak,weak,True
ysg19,weak,weak,True
rvama,weak,weak,True
t3mp,weak,weak,True
652522,weak,weak,True
qwerty,weak,weak,True
9822,weak,weak,True
gunoyg,weak,weak,True
nhmeo,weak,weak,True
qwerty,weak,weak,True
user123,weak,weak,True
asdfgh,weak,weak,True
jbbhs,weak,weak,True
asdfgh,weak,weak,True
alex,weak,weak,True
czlm,weak,weak,True
gu3st,weak,weak,True
asdfgh,weak,weak,True
zxcvbn,weak,weak,True
abc123456,weak,weak,True
login,weak,weak,True
t3mp,weak,weak,True
t3st123,weak,weak,True
zxcvbn,weak,weak,True
jane,weak,weak,True
vzd29,weak,weak,True
78869,weak,weak,True
qfijs,weak,weak,True
mbl01,weak,weak,True
zxcvbn,weak,weak,True
jane,weak,weak,True
test123,weak,weak,True
qwerty,weak,weak,True
ilxk,weak,weak,True
hsc64,weak,weak,True
olp25,weak,weak,True
1412,weak,weak,True
zhw24,weak,weak,True
sxb,weak,weak,True
qwerty,weak,weak,True
9911,weak,weak,True
login,weak,weak,True
jane,weak,weak,True
erkt,weak,weak,True
abc123456,weak,weak,True
vpylf,weak,weak,True
zxcvbn,weak,weak,True
user999,weak,weak,True
ndg88,weak,weak,True
guest,weak,weak,True
admin,weak,weak,True
qwerty,weak,weak,True
tqlj,weak,weak,True
qwerty,weak,weak,True
mmhneu,weak,weak,True
us3r,weak,weak,True
xkks,weak,weak,True
t3mp,weak,weak,True
qwerty,weak,weak,True
jane,weak,weak,True
123456,weak,weak,True
xms53,weak,weak,True
asdfgh,weak,weak,True
wxiz,weak,weak,True
zxcvbn,weak,weak,True
tiq96,weak,weak,True
admin,weak,weak,True
password123,weak,weak,True
tom2022,weak,weak,True
qwerty,weak,weak,True
123456456,weak,weak,True
zxcvbn,weak,weak,True
vaz97,weak,weak,True
lisa,weak,weak,True
password,weak,weak,True
3347,weak,weak,True
123456,weak,weak,True
gbzyak,weak,weak,True
tku23,weak,weak,True
asdfgh,weak,weak,True
njj58,weak,weak,True
cbg33,weak,weak,True
emma,weak,weak,True
4118,weak,weak,True
btqshu,weak,weak,True
4765,weak,weak,True
mur,weak,weak,True
test456,weak,weak,True
eon,weak,weak,True
nwz30,weak,weak,True
qjn58,weak,weak,True
anna,weak,weak,True
13799,weak,weak,True
welcome,weak,weak,True
jbq54,weak,weak,True
t3st,weak,weak,True
zxcvbn,weak,weak,True
vvsmqd,weak,weak,True
nlv07,weak,weak,True
swy,weak,weak,True
364214,weak,weak,True
bqh,weak,weak,True
dcxly,weak,weak,True
fnx,weak,weak,True
onhoem,weak,weak,True
test123,weak,weak,True
user,weak,weak,True
abc123,weak,weak,True
test,weak,weak,True
rofo,weak,weak,True
qbe19,weak,weak,True
jane,weak,weak,True
587419,weak,weak,True
demo,weak,weak,True
user123,weak,weak,True
t3st,weak,weak,True
tom,weak,weak,True
asdfgh,weak,weak,True
kgrh,weak,weak,True
zxcvbn,weak,weak,True
7137,weak,weak,True
zxcvbn,weak,weak,True
d3mo,weak,weak,True
qwerty,weak,weak,True
eoyl,weak,weak,True
david,weak,weak,True
jaao,weak,weak,True
alex,weak,weak,True
h3llo,weak,weak,True
world,weak,weak,True
4dmin,weak,weak,True
tch39,weak,weak,True
88552,weak,weak,True
417237,weak,weak,True
mary,weak,weak,True
oka03,weak,weak,True
anna,weak,weak,True
mave,weak,weak,True
qwerty,weak,weak,True
qwerty,weak,weak,True
pki,weak,weak,True
test123,weak,weak,True
test123,weak,weak,True
anna,weak,weak,True
vxs,weak,weak,True
tom,weak,weak,True
anna,weak,weak,True
asdfgh,weak,weak,True
jane,weak,weak,True
login,weak,weak,True
dhu,weak,weak,True
saarxl,weak,weak,True
6583,weak,weak,True
5248,weak,weak,True
mike,weak,weak,True
emma2020,weak,weak,True
wjz31,weak,weak,True
asdfgh,weak,weak,True
qwerty,weak,weak,True
rqi49,weak,weak,True
zxcvbn,weak,weak,True
tom,weak,weak,True
8611,weak,weak,True
chris,weak,weak,True
afgqe,weak,weak,True
admin,weak,weak,True
rwezc,weak,weak,True
qjs80,weak,weak,True
sarah,weak,weak,True
123456,weak,weak,True
ecxml,weak,weak,True
anna,weak,weak,True
7965,weak,weak,True
qwerty,weak,weak,True
d3mo,weak,weak,True
4dmin,weak,weak,True
john,weak,weak,True
zxcvbn,weak,weak,True
ohfh,weak,weak,True
txyt,weak,weak,True
zxcvbn,weak,weak,True
guest,weak,weak,True
guest,weak,weak,True
13978,weak,weak,True
vnj46,weak,weak,True
test,weak,weak,True
939999,weak,weak,True
iib,weak,weak,True
emma,weak,weak,True
gnph,weak,weak,True
hello,weak,weak,True
ypc74,weak,weak,True
paml,weak,weak,True
gu3st,weak,weak,True
gdkw,weak,weak,True
t3mp,weak,weak,True
ymn16,weak,weak,True
gggt,weak,weak,True
zxcvbn,weak,weak,True
vcclx,weak,weak,True
uds24,weak,weak,True
pst,weak,weak,True
admin,weak,weak,True
dvfe,weak,weak,True
test,weak,weak,True
abc123,weak,weak,True
password,weak,weak,True
pljen,weak,weak,True
17428,weak,weak,True
zxcvbn,weak,weak,True
gxpcp,weak,weak,True
dlr54,weak,weak,True
873323,weak,weak,True
asdfgh,weak,weak,True
unif,weak,weak,True
466483,weak,weak,True
qwerty,weak,weak,True
zcrjui,weak,weak,True
world,weak,weak,True
647296,weak,weak,True
world,weak,weak,True
h3llo,weak,weak,True
tcu76,weak,weak,True
lgkz,weak,weak,True
5567,weak,weak,True
qwerty,weak,weak,True
wzrwq,weak,weak,True
zxcvbn,weak,weak,True
mne,weak,weak,True
alex,weak,weak,True
qwerty,weak,weak,True
us3r,weak,weak,True
edj87,weak,weak,True
jane,weak,weak,True
temp,weak,weak,True
799578,weak,weak,True
168482,weak,weak,True
luakk,weak,weak,True
91716,weak,weak,True
ciwk,weak,weak,True
guest,weak,weak,True
xos47,weak,weak,True
sarah,weak,weak,True
world,weak,weak,True
21473,weak,weak,True
qwerty111,weak,weak,True
abc123,weak,weak,True
qwerty,weak,weak,True
ugwu,weak,weak,True
611529,weak,weak,True
rvang,weak,weak,True
chris,weak,weak,True
admin,weak,weak,True
qwerty,weak,weak,True
3319,weak,weak,True
sarah,weak,weak,True
ysm32,weak,weak,True
rupcn,weak,weak,True
d3mo,weak,weak,True
4dmin,weak,weak,True
admin,weak,weak,True
saj14,weak,weak,True
t3st,weak,weak,True
unz50,weak,weak,True
qwerty,weak,weak,True
3661,weak,weak,True
lts66,weak,weak,True
login,weak,weak,True
qdna,weak,weak,True
admin,weak,weak,True
user000,weak,weak,True
t3mp,weak,weak,True
5135,weak,weak,True
synmps,weak,weak,True
qwerty000,weak,weak,True
371819,weak,weak,True
test,weak,weak,True
xce51,weak,weak,True
xqbhk,weak,weak,True
123456,weak,weak,True
t3st123,weak,weak,True
qwerty,weak,weak,True
anna,weak,weak,True
njnrv,weak,weak,True
gu3st,weak,weak,True
t3st123,weak,weak,True
igaw,weak,weak,True
zxcvbn,weak,weak,True
lisa,weak,weak,True
demo,weak,weak,True
123456,weak,weak,True
98921,weak,weak,True
qtgb,weak,weak,True
wzqe,weak,weak,True
acdqk,weak,weak,True
zxcvbn,weak,weak,True
demo999,weak,weak,True
yqnfo,weak,weak,True
2394,weak,weak,True
399368,weak,weak,True
47422,weak,weak,True
xwe,weak,weak,True
123456,weak,weak,True
qwerty,weak,weak,True
332638,weak,weak,True
99953,weak,weak,True
jane,weak,weak,True
zxcvbn,weak,weak,True
asdfgh,weak,weak,True
h3llo,weak,weak,True
chris,weak,weak,True
world,weak,weak,True
xqpws,weak,weak,True
user999,weak,weak,True
david,weak,weak,True
guest,weak,weak,True
123456111,weak,weak,True
yvnsf,weak,weak,True
user123456,weak,weak,True
kyj75,weak,weak,True
sarah,weak,weak,True
mkn05,weak,weak,True
smsbu,weak,weak,True
world,weak,weak,True
buvk,weak,weak,True
asdfgh,weak,weak,True
qphrq,weak,weak,True
pass123456,weak,weak,True
1546,weak,weak,True
mary,weak,weak,True
alex,weak,weak,True
lisa,weak,weak,True
19792,weak,weak,True
iyb79,weak,weak,True
login,weak,weak,True
qwerty,weak,weak,True
world,weak,weak,True
us3r,weak,weak,True
zpi04,weak,weak,True
wjhus,weak,weak,True
2784,weak,weak,True
chris,weak,weak,True
qwerty,weak,weak,True
hello,weak,weak,True
abc123123,weak,weak,True
pxrjx,weak,weak,True
mary,weak,weak,True
asdfgh,weak,weak,True
john,weak,weak,True
asdfgh,weak,weak,True
jane,weak,weak,True
vdm89,weak,weak,True
world,weak,weak,True
d3mo,weak,weak,True
xnl87,weak,weak,True
mth11,weak,weak,True
evvncf,weak,weak,True
anna,weak,weak,True
password,weak,weak,True
pemhr,weak,weak,True
zxcvbn,weak,weak,True
password,weak,weak,True
85483,weak,weak,True
txn50,weak,weak,True
fjbcyj,weak,weak,True
54532,weak,weak,True
zxcvbn,weak,weak,True
zxcvbn,weak,weak,True
52276,weak,weak,True
avka,weak,weak,True
sarah,weak,weak,True
chris,weak,weak,True
9962,weak,weak,True
asdfgh,weak,weak,True
ttn59,weak,weak,True
fao04,weak,weak,True
eddtvp,weak,weak,True
cvnvz,weak,weak,True
sarah,weak,weak,True
gdgkj,weak,weak,True
gesn,weak,weak,True
yen62,weak,weak,True
asdfgh,weak,weak,True
login,weak,weak,True
qiu73,weak,weak,True
test,weak,weak,True
vao89,weak,weak,True
684892,weak,weak,True
hmv10,weak,weak,True
admin,weak,weak,True
zkcxo,weak,weak,True
dpw40,weak,weak,True
david2020,weak,weak,True
pbx,weak,weak,True
ckr51,weak,weak,True
uig98,weak,weak,True
tom,weak,weak,True
awydjo,weak,weak,True
tom,weak,weak,True
rrwz,weak,weak,True
319368,weak,weak,True
ggd05,weak,weak,True
abuwa,weak,weak,True
qwerty,weak,weak,True
gsh08,weak,weak,True
mhg01,weak,weak,True
tom,weak,weak,True
ooh67,weak,weak,True
7138,weak,weak,True
4261,weak,weak,True
asdfgh,weak,weak,True
eht98,weak,weak,True
7592,weak,weak,True
427138,weak,weak,True
asdfgh,weak,weak,True
tom,weak,weak,True
123456999,weak,weak,True
welcome,weak,weak,True
qwerty,weak,weak,True
iqr10,weak,weak,True
khro,weak,weak,True
zhbn,weak,weak,True
exr30,weak,weak,True
d3mo,weak,weak,True
dlhp,weak,weak,True
mike,weak,weak,True
975528,weak,weak,True
gu3st,weak,weak,True
ttjxpq,weak,weak,True
password,weak,weak,True
hzp98,weak,weak,True
emma2020,weak,weak,True
aui,weak,weak,True
273253,weak,weak,True
zxcvbn,weak,weak,True
qwerty,weak,weak,True
david,weak,weak,True
ylwdh,weak,weak,True
qwerty,weak,weak,True
asdfgh,weak,weak,True
9795,weak,weak,True
login,weak,weak,True
jane,weak,weak,True
test123,weak,weak,True
dbvx,weak,weak,True
egovq,weak,weak,True
vvo44,weak,weak,True
jane,weak,weak,True
tom,weak,weak,True
rxzv,weak,weak,True
d3mo,weak,weak,True
4dmin,weak,weak,True
wono,weak,weak,True
alex,weak,weak,True
abc123,weak,weak,True
frpte,weak,weak,True
emma2020,weak,weak,True
31879,weak,weak,True
zxcvbn,weak,weak,True
121766,weak,weak,True
temp000,weak,weak,True
asdfgh,weak,weak,True
lisa,weak,weak,True
4dmin,weak,weak,True
7423,weak,weak,True
puu34,weak,weak,True
david,weak,weak,True
anna2020,weak,weak,True
asdfgh,weak,weak,True
jyjg,weak,weak,True
zxcvbn,weak,weak,True
qwerty,weak,weak,True
user,weak,weak,True
zxcvbn,weak,weak,True
123456,weak,weak,True
qwerty,weak,weak,True
scs10,weak,weak,True
csp,weak,weak,True
kqba,weak,weak,True
zxcvbn,weak,weak,True
33254,weak,weak,True
t3st,weak,weak,True
kqk58,weak,weak,True
test123,weak,weak,True
temp,weak,weak,True
demo111,weak,weak,True
chris,weak,weak,True
qwerty,weak,weak,True
yzwzlc,weak,weak,True
demo111,weak,weak,True
bzc17,weak,weak,True
rub36,weak,weak,True
qwerty,weak,weak,True
qwerty,weak,weak,True
xth94,weak,weak,True
bodir,weak,weak,True
bowfd,weak,weak,True
guest,weak,weak,True
8334,weak,weak,True
test123,weak,weak,True
rgl40,weak,weak,True
85747,weak,weak,True
mike,weak,weak,True
qwerty,weak,weak,True
asdfgh,weak,weak,True
anna,weak,weak,True
gik16,weak,weak,True
7614,weak,weak,True
933349,weak,weak,True
asdfgh,weak,weak,True
xdl88,weak,weak,True
sawia,weak,weak,True
t3mp,weak,weak,True
123456,weak,weak,True
zxcvbn,weak,weak,True
hyw62,weak,weak,True
issi,weak,weak,True
42998,weak,weak,True
alex,weak,weak,True
emma,weak,weak,True
alex,weak,weak,True
test456,weak,weak,True
mnxg,weak,weak,True
5891,weak,weak,True
wouswl,weak,weak,True
user123,weak,weak,True
nxjss,weak,weak,True
sarah,weak,weak,True
2871,weak,weak,True
t3mp,weak,weak,True
qwerty,weak,weak,True
pvol,weak,weak,True
chris,weak,weak,True
zxcvbn,weak,weak,True
t3st123,weak,weak,True
bgook,weak,weak,True
dwa96,weak,weak,True
gfc69,weak,weak,True
t3mp,weak,weak,True
test123123,weak,weak,True
anna,weak,weak,True
bzbc,weak,weak,True
mary,weak,weak,True
jkibx,weak,weak,True
zxcvbn,weak,weak,True
anna,weak,weak,True
wxdbs,weak,weak,True
hgc48,weak,weak,True
occr,weak,weak,True
ixgq,weak,weak,True
qwerty,weak,weak,True
pyc62,weak,weak,True
emma,weak,weak,True
frw52,weak,weak,True
password,weak,weak,True
123456,weak,weak,True
sad23,weak,weak,True
temp,weak,weak,True
ffp32,weak,weak,True
login,weak,weak,True
user123,weak,weak,True
login,weak,weak,True
t3mp,weak,weak,True
test999,weak,weak,True
mow00,weak,weak,True
jane,weak,weak,True
zxcvbn,weak,weak,True
gdktgn,weak,weak,True
world,weak,weak,True
t3mp,weak,weak,True
loj46,weak,weak,True
3483,weak,weak,True
emma2020,weak,weak,True
4dmin,weak,weak,True
cwvz,weak,weak,True
tmc,weak,weak,True
mary,weak,weak,True
167227,weak,weak,True
voa,weak,weak,True
wrg39,weak,weak,True
emma,weak,weak,True
qwerty,weak,weak,True
asdfgh,weak,weak,True
sarah,weak,weak,True
hcj,weak,weak,True
2172,weak,weak,True
zxcvbn,weak,weak,True
iqja,weak,weak,True
123456000,weak,weak,True
abc123,weak,weak,True
anna,weak,weak,True
asdfgh,weak,weak,True
jrkd,weak,weak,True
test123123,weak,weak,True
126262,weak,weak,True
qwerty,weak,weak,True
vlgp,weak,weak,True
asdfgh,weak,weak,True
123456,weak,weak,True
asdfgh,weak,weak,True
test123,weak,weak,True
nym80,weak,weak,True
asdfgh,weak,weak,True
welcome,weak,weak,True
t3mp,weak,weak,True
nfnbsj,weak,weak,True
nxz,weak,weak,True
test123456,weak,weak,True
sgdqh,weak,weak,True
91999,weak,weak,True
39737,weak,weak,True
owgo,weak,weak,True
asdfgh,weak,weak,True
alex,weak,weak,True
world,weak,weak,True
vow,weak,weak,True
czb33,weak,weak,True
eilrss,weak,weak,True
t3st,weak,weak,True
27894,weak,weak,True
mdrs,weak,weak,True
alex,weak,weak,True
us3r,weak,weak,True
3622,weak,weak,True
qyl37,weak,weak,True
1282,weak,weak,True
ltpxn,weak,weak,True
test,weak,weak,True
135737,weak,weak,True
sarah,weak,weak,True
ujba,weak,weak,True
h3llo,weak,weak,True
aim28,weak,weak,True
gld45,weak,weak,True
jyv,weak,weak,True
pwn,weak,weak,True
anna,weak,weak,True
yoa34,weak,weak,True
temp,weak,weak,True
zxcvbn,weak,weak,True
kmavg,weak,weak,True
rbhmm,weak,weak,True
rlt78,weak,weak,True
sqw91,weak,weak,True
test456,weak,weak,True
142124,weak,weak,True
qwerty,weak,weak,True
97774,weak,weak,True
sarah,weak,weak,True
1576,weak,weak,True
pfgsb,weak,weak,True
world,weak,weak,True
david,weak,weak,True
asdfgh,weak,weak,True
123456,weak,weak,True
jkj15,weak,weak,True
world,weak,weak,True
qwerty,weak,weak,True
123456,weak,weak,True
qwerty,weak,weak,True
demo,weak,weak,True
t3mp,weak,weak,True
123456,weak,weak,True
asdfgh,weak,weak,True
qwerty789,weak,weak,True
test999,weak,weak,True
test123,weak,weak,True
zxcvbn,weak,weak,True
knkpz,weak,weak,True
nirqa,weak,weak,True
qwerty000,weak,weak,True
lwcc,weak,weak,True
qwerty,weak,weak,True
voa59,weak,weak,True
hef55,weak,weak,True
123456,weak,weak,True
tom,weak,weak,True
rvqgb,weak,weak,True
us3r,weak,weak,True
nhcnpf,weak,weak,True
1468,weak,weak,True
ewpvr,weak,weak,True
dvjp,weak,weak,True
1762,weak,weak,True
ant60,weak,weak,True
zxcvbn,weak,weak,True
lisa,weak,weak,True
mary,weak,weak,True
t3mp,weak,weak,True
chris,weak,weak,True
asdfgh,weak,weak,True
349778,weak,weak,True
mwo,weak,weak,True
mary,weak,weak,True
qahavz,weak,weak,True
hello,weak,weak,True
blq87,weak,weak,True
asdfgh,weak,weak,True
mary,weak,weak,True
juseu,weak,weak,True
zxtvq,weak,weak,True
tom,weak,weak,True
cywv,weak,weak,True
test111,weak,weak,True
tom,weak,weak,True
admin,weak,weak,True
196588,weak,weak,True
world,weak,weak,True
qeejd,weak,weak,True
asdfgh,weak,weak,True
dluote,weak,weak,True
ykx94,weak,weak,True
knrv,weak,weak,True
xxyg,weak,weak,True
qwerty123,weak,weak,True
mtwf,weak,weak,True
ivddw,weak,weak,True
98321,weak,weak,True
d3mo,weak,weak,True
mike,weak,weak,True
9599,weak,weak,True
8947,weak,weak,True
ikf28,weak,weak,True
david2020,weak,weak,True
595979,weak,weak,True
test456,weak,weak,True
glc,weak,weak,True
demo111,weak,weak,True
test,weak,weak,True
vnv60,weak,weak,True
chris,weak,weak,True
gtijpx,weak,weak,True
mary,weak,weak,True
world,weak,weak,True
879623,weak,weak,True
gavr,weak,weak,True
test,weak,weak,True
vqzs,weak,weak,True
tom2020,weak,weak,True
mns18,weak,weak,True
ino33,weak,weak,True
qwerty,weak,weak,True
world,weak,weak,True
sarah,weak,weak,True
password,weak,weak,True
lisa,weak,weak,True
tviusv,weak,weak,True
ofr29,weak,weak,True
test,weak,weak,True
qwerty999,weak,weak,True
2457,weak,weak,True
temp,weak,weak,True
123456,weak,weak,True
world,weak,weak,True
t3st,weak,weak,True
4913,weak,weak,True
vqy,weak,weak,True
yrr94,weak,weak,True
vdk28,weak,weak,True
qwerty,weak,weak,True
jane,weak,weak,True
imml,weak,weak,True
jey94,weak,weak,True
qwerty,weak,weak,True
chris,weak,weak,True
yjw,weak,weak,True
xvis,weak,weak,True
mary,weak,weak,True
chris,weak,weak,True
qwerty,weak,weak,True
asdfgh,weak,weak,True
temp,weak,weak,True
demo,weak,weak,True
clqkk,weak,weak,True
unmdzs,weak,weak,True
anna2020,weak,weak,True
tom,weak,weak,True
aqiwh,weak,weak,True
login,weak,weak,True
mike,weak,weak,True
pyf,weak,weak,True
mary,weak,weak,True
kyqsb,weak,weak,True
9743,weak,weak,True
giq88,weak,weak,True
123456456,weak,weak,True
asdfgh,weak,weak,True
kpeaal,weak,weak,True
uhd42,weak,weak,True
mike,weak,weak,True
david2020,weak,weak,True
wqlr,weak,weak,True
qgq97,weak,weak,True
jyike,weak,weak,True
hello,weak,weak,True
test999,weak,weak,True
123456000,weak,weak,True
tom2022,weak,weak,True
142291,weak,weak,True
988355,weak,weak,True
4dmin,weak,weak,True
77428,weak,weak,True
alex,weak,weak,True
oozrry,weak,weak,True
gu3st,weak,weak,True
test123,weak,weak,True
Ngjwrlzd470,medium,medium,True
7E5mF0lib,medium,medium,True
Jane;000,medium,medium,True
KKJ7O%@Rv,medium,medium,True
Hvemj803,medium,medium,True
ca5ZBcQ5,medium,medium,True
Rtexxkx9212,medium,medium,True
Etrz623,medium,medium,True
Roskmcpj3677,medium,medium,True
Alex4-,medium,medium,True
cXCuE8BY,medium,medium,True
mtygzfVL9CK,medium,medium,True
"Sarah,789",medium,medium,True
Faoq@101,medium,medium,True
Clhcg84,medium,medium,True
IxVVeUPR,medium,medium,True
Emma$789,medium,medium,True
Cnwqk71,medium,medium,True
Anna#123,medium,medium,True
Sarah8[,medium,medium,True
John<2020,medium,medium,True
"Jkfh,22",medium,medium,True
Xdzgcl049,medium,medium,True
Rgwzprl236,medium,medium,True
Hhgdbw094,medium,medium,True
Usswif%068,medium,medium,True
pzPUEcQd,medium,medium,True
Sarah:2018,medium,medium,True
Sarah.2022,medium,medium,True
Anna}2023,medium,medium,True
Mike<2021,medium,medium,True
HHF1zwQXyZl,medium,medium,True
Sarah%2018,medium,medium,True
Cditdir5633,medium,medium,True
Sarah1%,medium,medium,True
Tom?111,medium,medium,True
Anna2:,medium,medium,True
8BjFS46b7,medium,medium,True
Jrosmqc79,medium,medium,True
3FcBO5fj,medium,medium,True
urYIRwkV,medium,medium,True
Jane$2023,medium,medium,True
Emma0|,medium,medium,True
Mary3[,medium,medium,True
Qvtljow2262,medium,medium,True
Quyr351,medium,medium,True
Kpvasuz707,medium,medium,True
Anna?789,medium,medium,True
jC0tcffKNAG,medium,medium,True
Uxnwr812,medium,medium,True
Anna^2020,medium,medium,True
jbMV6mYBBTCi,medium,medium,True
Jrbvfgd7427,medium,medium,True
Ywxmthz745,medium,medium,True
oYxTSVVPMc,medium,medium,True
Jane%2021,medium,medium,True
Lwwiwf!92,medium,medium,True
Ppckks19,medium,medium,True
PMHrWTCut,medium,medium,True
Lisa?000,medium,medium,True
Mary:999,medium,medium,True
Lisa+000,medium,medium,True
Prpowz784,medium,medium,True
Lisa6[,medium,medium,True
David0=,medium,medium,True
Raejx50,medium,medium,True
Mskoar88,medium,medium,True
Emma-2020,medium,medium,True
Anna7!,medium,medium,True
FmpdXxXbqizS,medium,medium,True
Uzzxt4565,medium,medium,True
Anna<456,medium,medium,True
Jane7;,medium,medium,True
lekOYi3lu,medium,medium,True
Sthzij034,medium,medium,True
Chris8#,medium,medium,True
Lbnawly886,medium,medium,True
Emma-000,medium,medium,True
David5},medium,medium,True
Gcyxqxyy53,medium,medium,True
Zhrro841,medium,medium,True
Byqraq247,medium,medium,True
Yyjon734,medium,medium,True
rE0cwj4cxz8P,medium,medium,True
Mary[2021,medium,medium,True
lABF8Vne,medium,medium,True
jIovKIxAil,medium,medium,True
Sarah$2019,medium,medium,True
David^2023,medium,medium,True
Ifpotag0034,medium,medium,True
"Anna3,",medium,medium,True
Wdeboy66,medium,medium,True
Vgioou7834,medium,medium,True
Elgwzfo205,medium,medium,True
Xphlyj087,medium,medium,True
Ssnxa5953,medium,medium,True
Jane%2021,medium,medium,True
Yfo5hAKcpB5W,medium,medium,True
Ekfbeoh4334,medium,medium,True
Itenzchj65,medium,medium,True
lfe4EL0OX,medium,medium,True
9VGagw1CQ,medium,medium,True
ViM%njgaM,medium,medium,True
Chris8$,medium,medium,True
Anna*2021,medium,medium,True
HAPIkGGG,medium,medium,True
1odor0Y2NHm,medium,medium,True
Anna[2022,medium,medium,True
Plelzk396,medium,medium,True
Wwfqbc0655,medium,medium,True
Emma:2018,medium,medium,True
Zuqqojpi514,medium,medium,True
sKU75JJc,medium,medium,True
Hpzmbrum22,medium,medium,True
u17OqbqxIu,medium,medium,True
"Jane,111",medium,medium,True
Lisa2$,medium,medium,True
Alex2|,medium,medium,True
CunOfClI!,medium,medium,True
Ddvxn340,medium,medium,True
Imkbw661,medium,medium,True
dSThEhYw,medium,medium,True
AqBEV01B,medium,medium,True
Mary9=,medium,medium,True
Tzdnby588,medium,medium,True
Vjpnsn@303,medium,medium,True
Sbfr381,medium,medium,True
Rxphwlgf679,medium,medium,True
iVMdGkxi,medium,medium,True
ijcZe7!Dc,medium,medium,True
Almds869,medium,medium,True
wHuuePn6xtl,medium,medium,True
nEkOugATf,medium,medium,True
BdpuSRWkzO,medium,medium,True
Fvrgui65,medium,medium,True
Vz33qunbT09,medium,medium,True
Dplcqaj6405,medium,medium,True
Hvnz434,medium,medium,True
Ooyfbb!46,medium,medium,True
aw9xUi3UWD,medium,medium,True
Pbxgx#881,medium,medium,True
Lsbms29,medium,medium,True
Bcdhhyta7581,medium,medium,True
Ex12sD93p7,medium,medium,True
Dmvsm401,medium,medium,True
Escw222,medium,medium,True
Kxu#RIUgB,medium,medium,True
Extrmsi613,medium,medium,True
Nsimm438,medium,medium,True
Mike3*,medium,medium,True
Ellddmsz43,medium,medium,True
WJ3DNS3kD,medium,medium,True
bgRESpb32B,medium,medium,True
Pyaag0143,medium,medium,True
"Emma3,",medium,medium,True
Vflmii>48,medium,medium,True
Tom?789,medium,medium,True
Rgxzqy940,medium,medium,True
Alex$2020,medium,medium,True
Xxvnsc492,medium,medium,True
Kjog608,medium,medium,True
Ylymuzpd554,medium,medium,True
Pjnyjag:980,medium,medium,True
DhZyQ!Dgi@,medium,medium,True
Alex:2021,medium,medium,True
Mike]111,medium,medium,True
Imhoad073,medium,medium,True
cmKWFGukxN,medium,medium,True
S@hSB%tA9,medium,medium,True
Zfldif91,medium,medium,True
7TEG7626I,medium,medium,True
Tckf54,medium,medium,True
kCjdzesRoLFJ,medium,medium,True
Emma=789,medium,medium,True
Sxohe76,medium,medium,True
9SPGWyPVtND9,medium,medium,True
Mary$2020,medium,medium,True
Zgnxbkt0582,medium,medium,True
tt!9zSbS#c,medium,medium,True
Jane1),medium,medium,True
BlCvpfpv,medium,medium,True
Chris{999,medium,medium,True
F8Zl5sjjjvqE,medium,medium,True
Emma3{,medium,medium,True
Gtzxh71,medium,medium,True
Ukuv574,medium,medium,True
Etqznz171,medium,medium,True
Sarah[123,medium,medium,True
Lnki573,medium,medium,True
Asvcoue5575,medium,medium,True
"John,2022",medium,medium,True
Nrcewmw>81,medium,medium,True
Anna:2023,medium,medium,True
Sarah&123,medium,medium,True
Wlvoa6869,medium,medium,True
Mike2@,medium,medium,True
TABdEGBoS,medium,medium,True
Ynnik5364,medium,medium,True
s2nnHo9BRZhM,medium,medium,True
Tom=2023,medium,medium,True
Tyjn70,medium,medium,True
Mwch482,medium,medium,True
Zzit209,medium,medium,True
Emma&2019,medium,medium,True
Mclzee)464,medium,medium,True
Rdoxfidg43,medium,medium,True
John3<,medium,medium,True
Spktfvub936,medium,medium,True
Anna4.,medium,medium,True
Ealuvwt816,medium,medium,True
Emma1&,medium,medium,True
IYF9!0MTM,medium,medium,True
qbIIctALIk,medium,medium,True
John8),medium,medium,True
ITDyAMxFIz,medium,medium,True
Qtcqq73,medium,medium,True
Qtz6vggA,medium,medium,True
Anna4;,medium,medium,True
David(2022,medium,medium,True
Jane5.,medium,medium,True
FUW9u2AG,medium,medium,True
Ekpffi|21,medium,medium,True
Dqcue0259,medium,medium,True
Hxiy268,medium,medium,True
XKFjpIXfMZNj,medium,medium,True
Emma7},medium,medium,True
Umxx79,medium,medium,True
Emma0(,medium,medium,True
Dadikj546,medium,medium,True
eBL6Ib3gH,medium,medium,True
Tcgpm189,medium,medium,True
Alex#2021,medium,medium,True
Tmall099,medium,medium,True
Alex0%,medium,medium,True
Chris+999,medium,medium,True
AAQfYQCa1r,medium,medium,True
5D4ujdapT1,medium,medium,True
Hgnt833,medium,medium,True
Tom@2023,medium,medium,True
Anna?2021,medium,medium,True
Anna4<,medium,medium,True
Zl7wVdnyizn,medium,medium,True
Chris{111,medium,medium,True
G$9s9rm6,medium,medium,True
Sarah;2021,medium,medium,True
Apln0E4oy,medium,medium,True
Chris_111,medium,medium,True
Kymgfohw260,medium,medium,True
oq4xCZkR64V,medium,medium,True
Emma2*,medium,medium,True
Mzynl917,medium,medium,True
eMH4LvUP8ST,medium,medium,True
Aqnythpx40,medium,medium,True
Mary8<,medium,medium,True
Lnnhb474,medium,medium,True
Lgmiyju_331,medium,medium,True
6wVfbUZbTzg,medium,medium,True
Vaaz99,medium,medium,True
3vRXZaD0,medium,medium,True
Lisa1+,medium,medium,True
Jane{2021,medium,medium,True
Jane9&,medium,medium,True
Zgdart99,medium,medium,True
Alex8>,medium,medium,True
Lyast;599,medium,medium,True
hoUsFB8B,medium,medium,True
6aq6p%sgo,medium,medium,True
Kjb2GvtYL,medium,medium,True
Otgyqtmz02,medium,medium,True
J#y#jDf!,medium,medium,True
kwZHd7I7bVxE,medium,medium,True
Cwtlsoy857,medium,medium,True
Anna@111,medium,medium,True
Emma:2018,medium,medium,True
Tom)000,medium,medium,True
Chris-2020,medium,medium,True
Sarah<2021,medium,medium,True
Jxbc13,medium,medium,True
Vavq408,medium,medium,True
vaeSb1Rad,medium,medium,True
Clqmt2182,medium,medium,True
Alex5],medium,medium,True
Mike7(,medium,medium,True
Jane(111,medium,medium,True
Tsqnpy233,medium,medium,True
Anna2$,medium,medium,True
Vsvs568,medium,medium,True
Xrxhf90,medium,medium,True
Sarah@456,medium,medium,True
Cpbaw96,medium,medium,True
Giyrw0817,medium,medium,True
sz01AI8Un,medium,medium,True
John-000,medium,medium,True
Gandqk133,medium,medium,True
Emma:123,medium,medium,True
Mike:000,medium,medium,True
Jwfflbws237,medium,medium,True
ijyZCKIwRhM,medium,medium,True
Mike}111,medium,medium,True
Srxfc89,medium,medium,True
SKdkEjKKJFVg,medium,medium,True
CxSWTprEztvU,medium,medium,True
Fvkjt}55,medium,medium,True
Xqcf86,medium,medium,True
Ak5DApAy2a,medium,medium,True
Jane[2023,medium,medium,True
eHeJ6ZL6vmc,medium,medium,True
Emma-456,medium,medium,True
Hfuzila9278,medium,medium,True
Vlkhe77,medium,medium,True
wFHubUzax#,medium,medium,True
Jggkp%293,medium,medium,True
Alex-111,medium,medium,True
4yOqrF1av0d1,medium,medium,True
Levlg05,medium,medium,True
sEveGENgh,medium,medium,True
Anna#2022,medium,medium,True
Xxiq!03,medium,medium,True
QiFQxoqL,medium,medium,True
Sckrlorp7066,medium,medium,True
Bvoyxio58,medium,medium,True
Ipdbpu356,medium,medium,True
XyFCh04w,medium,medium,True
Jane6=,medium,medium,True
Ogjlg+74,medium,medium,True
Ghugf42,medium,medium,True
C@2!iSq0oS,medium,medium,True
Alex[000,medium,medium,True
David<2023,medium,medium,True
UVndZC351wV,medium,medium,True
UHyJNCvLs,medium,medium,True
Jane@2022,medium,medium,True
KRJcWEoiU03,medium,medium,True
Bxlft153,medium,medium,True
Emma^456,medium,medium,True
uxIluTrsIZ,medium,medium,True
nUssrIdKK,medium,medium,True
Mike{2022,medium,medium,True
9FPQwNoWdzNL,medium,medium,True
XyUZ8kvq,medium,medium,True
Hrjdqsq60,medium,medium,True
Sybumz84,medium,medium,True
Mike2*,medium,medium,True
Anna1%,medium,medium,True
Mmezy677,medium,medium,True
plXjh8VhsPS,medium,medium,True
Tbssp70,medium,medium,True
u5E6kAUk,medium,medium,True
Zceayqy%756,medium,medium,True
John3{,medium,medium,True
K3JKAjR@F0,medium,medium,True
QPbnEFRzn,medium,medium,True
Puaahnu>053,medium,medium,True
pY0haMvYc,medium,medium,True
Chris7},medium,medium,True
Qlqezovh629,medium,medium,True
PbzePgG3X0N,medium,medium,True
XEZGLNzsU,medium,medium,True
Chris{2022,medium,medium,True
Sduo64,medium,medium,True
David<111,medium,medium,True
Oo7Xl3cf,medium,medium,True
Tom[2021,medium,medium,True
Nqhdnl95,medium,medium,True
Sarah^2019,medium,medium,True
Ippotcd_90,medium,medium,True
Kbud*91,medium,medium,True
Mary8[,medium,medium,True
Kdwiw4922,medium,medium,True
Trgmucd19,medium,medium,True
Bgqv25,medium,medium,True
stZj5gEEcK,medium,medium,True
KMGZ9abi,medium,medium,True
John1$,medium,medium,True
Efqma127,medium,medium,True
TISXxvNmwvJ1,medium,medium,True
Jane5+,medium,medium,True
Orhvfv:508,medium,medium,True
John.000,medium,medium,True
HD0MCAzswUo,medium,medium,True
Lwzbxo54,medium,medium,True
6e4xQwGS,medium,medium,True
Gpxbely85,medium,medium,True
FT9$197Ts@,medium,medium,True
Sarah&2019,medium,medium,True
fuaZmasazI,medium,medium,True
MqdPCegr,medium,medium,True
ttcoBKXcwJ,medium,medium,True
Cbqt;88,medium,medium,True
ZPopnInv,medium,medium,True
Gwlz45,medium,medium,True
Alex&2020,medium,medium,True
"David2,",medium,medium,True
Jane1(,medium,medium,True
Tom@000,medium,medium,True
Lisa]2023,medium,medium,True
Lswbw86,medium,medium,True
Lisa3],medium,medium,True
Nvggcexr4807,medium,medium,True
Emma^2023,medium,medium,True
Sarah0!,medium,medium,True
Pnziu807,medium,medium,True
Sarah_123,medium,medium,True
Bpgcv976,medium,medium,True
Pmdgu065,medium,medium,True
Chris?999,medium,medium,True
John<2021,medium,medium,True
O5j4j37u,medium,medium,True
Zfosvk508,medium,medium,True
Auzs618,medium,medium,True
John3>,medium,medium,True
Zxxnbbk[19,medium,medium,True
7FuRQ4L0rwx,medium,medium,True
John5*,medium,medium,True
Anna3},medium,medium,True
Myqihw328,medium,medium,True
Fpxyexz;79,medium,medium,True
pwyFAby1TV,medium,medium,True
cVL3gUzAHg72,medium,medium,True
John{2022,medium,medium,True
Axfi307,medium,medium,True
RGB2iZfL8,medium,medium,True
Hpxl901,medium,medium,True
David9#,medium,medium,True
Ifecuih1564,medium,medium,True
Gcxcj]301,medium,medium,True
bE50FZfWw,medium,medium,True
Sarah6<,medium,medium,True
Emma|000,medium,medium,True
d3X537KIJU,medium,medium,True
Alex:2020,medium,medium,True
HaKvVwJY,medium,medium,True
omiHfTTAT,medium,medium,True
Anna0;,medium,medium,True
ZTVd4B9Akcn,medium,medium,True
Chris9$,medium,medium,True
Efoq23,medium,medium,True
Alex3=,medium,medium,True
Iffxi496,medium,medium,True
Sarah}2019,medium,medium,True
"Lisa,2021",medium,medium,True
John.111,medium,medium,True
TILcpMbVvA,medium,medium,True
Anna6!,medium,medium,True
Ufkxbyb!12,medium,medium,True
Gywgwy585,medium,medium,True
Vfnil04,medium,medium,True
Anna)123,medium,medium,True
0CSEL6FpW,medium,medium,True
Axbt07,medium,medium,True
LJSSeYFqx,medium,medium,True
Ahr19dwG2TQw,medium,medium,True
nQlVhTgRj,medium,medium,True
KSYNTx99Jb,medium,medium,True
Alex3},medium,medium,True
!AKArpqd,medium,medium,True
Rnaty703,medium,medium,True
Fjqo159,medium,medium,True
Mary[2020,medium,medium,True
Anna|000,medium,medium,True
7PTlMX2YGx,medium,medium,True
Dykqk*548,medium,medium,True
Nhtf=36,medium,medium,True
Wqflb326,medium,medium,True
8TmVYX3bP,medium,medium,True
Vykvee64,medium,medium,True
Plmr500,medium,medium,True
QITsnblW,medium,medium,True
V5FNpPuH5SpV,medium,medium,True
Jane+2020,medium,medium,True
Hsthtx99,medium,medium,True
KRcR91eN,medium,medium,True
Ifdc$36,medium,medium,True
Zrpgou%636,medium,medium,True
Zecty843,medium,medium,True
zhy3ERMP,medium,medium,True
Hccogl64,medium,medium,True
0icjbjozNy,medium,medium,True
vBqBDZfT,medium,medium,True
Kbumuf15,medium,medium,True
Jrlvtuq+477,medium,medium,True
David0-,medium,medium,True
Ppbxkz037,medium,medium,True
xWymozmZ2yD8,medium,medium,True
zaWhRlio1D,medium,medium,True
Sswpsd021,medium,medium,True
0tqk6ZkL,medium,medium,True
Cerllwyv139,medium,medium,True
Ibwpbu8764,medium,medium,True
Chris[2020,medium,medium,True
Chris|2022,medium,medium,True
ePjejZECgd,medium,medium,True
Dosmq09,medium,medium,True
mmgd76hF,medium,medium,True
Chris(999,medium,medium,True
MY$y6D6H1,medium,medium,True
Hapk%76,medium,medium,True
nK8G9boOK,medium,medium,True
John^2021,medium,medium,True
Emma*2020,medium,medium,True
UwVDG9uVIE,medium,medium,True
LhEXvKtq,medium,medium,True
Emma_456,medium,medium,True
Neatnc14,medium,medium,True
Fmokse79,medium,medium,True
Ojmu751,medium,medium,True
Ngafxa14,medium,medium,True
Ci5hAipcy,medium,medium,True
Lisa2(,medium,medium,True
Yqoxm538,medium,medium,True
iBVEHyWDZkq,medium,medium,True
Myqz261,medium,medium,True
Huynj96,medium,medium,True
Zxagmmz432,medium,medium,True
Qsizomfu542,medium,medium,True
Myuyn:66,medium,medium,True
John!111,medium,medium,True
Uupcut38,medium,medium,True
Inityb38,medium,medium,True
Sarah2!,medium,medium,True
Crtw277,medium,medium,True
bh0uj6kx,medium,medium,True
David)000,medium,medium,True
Jane{2022,medium,medium,True
p9p0FIdv,medium,medium,True
Chris{999,medium,medium,True
Kvsnw08,medium,medium,True
Rdykx375,medium,medium,True
Alex8{,medium,medium,True
Acisti8324,medium,medium,True
Qgux91,medium,medium,True
ATnLHYrs,medium,medium,True
Alex;2021,medium,medium,True
Sarah8_,medium,medium,True
Sarah1(,medium,medium,True
lfv5HIujk,medium,medium,True
Emma1@,medium,medium,True
Nlwbp8253,medium,medium,True
Ykxrajn1675,medium,medium,True
Euvl27,medium,medium,True
VtVo1tWxYKoy,medium,medium,True
CNrcSZuRIz4,medium,medium,True
F03crPnQ3,medium,medium,True
Anna#111,medium,medium,True
John0^,medium,medium,True
Rtevpa4670,medium,medium,True
Sarah9$,medium,medium,True
QBIRsK1Y,medium,medium,True
DxWg1cRJ9ZF,medium,medium,True
Jqcflg254,medium,medium,True
CbkpKLk8e,medium,medium,True
Nfpgbg09,medium,medium,True
Anna!111,medium,medium,True
Mdbxx9178,medium,medium,True
Ivxxo7318,medium,medium,True
Zhsen381,medium,medium,True
Alex|000,medium,medium,True
Anna:000,medium,medium,True
Tuzcljb481,medium,medium,True
Tom!000,medium,medium,True
Jane5{,medium,medium,True
vP45qljcr,medium,medium,True
vWLwDV6x,medium,medium,True
Anna)2023,medium,medium,True
Sarah3&,medium,medium,True
Tom#2022,medium,medium,True
K0dI05yiuED,medium,medium,True
Sarah^2021,medium,medium,True
Y6r8t8yRZ,medium,medium,True
Uu6xfbC1Us,medium,medium,True
John7^,medium,medium,True
Mike8.,medium,medium,True
Qpgne907,medium,medium,True
Wivmhc81,medium,medium,True
Kpmmfo?82,medium,medium,True
AURqZzHT9,medium,medium,True
ibVb$kl7M0,medium,medium,True
jwbHlklyLR,medium,medium,True
Yoxlqe002,medium,medium,True
LJNYAlVxN,medium,medium,True
Mary@2022,medium,medium,True
qg0cpFzff,medium,medium,True
Mike$111,medium,medium,True
Xddzj&267,medium,medium,True
Ihyt027,medium,medium,True
Mike.000,medium,medium,True
Emma5?,medium,medium,True
Alex<2021,medium,medium,True
Anna9_,medium,medium,True
Mujvkm576,medium,medium,True
g0I4kuzl,medium,medium,True
Vqqnwi[41,medium,medium,True
p0dUxFuGN7,medium,medium,True
Cdakjso>66,medium,medium,True
Jane=999,medium,medium,True
ko2x56K1h,medium,medium,True
John8>,medium,medium,True
nwlmdaQdg,medium,medium,True
Qhza58,medium,medium,True
Vfnxrmkt926,medium,medium,True
Ktaayw260,medium,medium,True
vCcVrrblO8,medium,medium,True
Anna)2021,medium,medium,True
PW3jOHgcg,medium,medium,True
Dbnwn=47,medium,medium,True
MFIjQ6npt,medium,medium,True
8R8g7693v,medium,medium,True
Jane0.,medium,medium,True
Dwylfm6921,medium,medium,True
Ugbe628,medium,medium,True
Zpynl893,medium,medium,True
Anna1=,medium,medium,True
hjs3GtDQ,medium,medium,True
Tom_123,medium,medium,True
Jane}2020,medium,medium,True
Ldjax985,medium,medium,True
Mike]111,medium,medium,True
E1sZVAowFYr,medium,medium,True
Sarah3_,medium,medium,True
fzKtTJ4q6,medium,medium,True
Uhbzr0151,medium,medium,True
Pnjnhass98,medium,medium,True
Chris?2023,medium,medium,True
Fhbwosy3127,medium,medium,True
Anna7},medium,medium,True
Naxtiqqf969,medium,medium,True
kdK8xEOqEbuI,medium,medium,True
YIdwTYeN,medium,medium,True
Emma5$,medium,medium,True
Cygupww$091,medium,medium,True
Jane5=,medium,medium,True
Suvjz30,medium,medium,True
Chris^2021,medium,medium,True
Lisa6@,medium,medium,True
Flxpx203,medium,medium,True
Tom)789,medium,medium,True
Wgvkpbcd9796,medium,medium,True
Srsxdn}454,medium,medium,True
Eico$NN!k,medium,medium,True
Objbdek2214,medium,medium,True
yV#EXpJO@,medium,medium,True
1BkvPCf99Y,medium,medium,True
John?2022,medium,medium,True
Lisa6(,medium,medium,True
Sarah@123,medium,medium,True
Vwlecvrs780,medium,medium,True
Qaynau8249,medium,medium,True
Onijyaoo750,medium,medium,True
Srrsh|31,medium,medium,True
05yyJqlCb6CP,medium,medium,True
Chris&999,medium,medium,True
Vrrlpy714,medium,medium,True
Anna*2019,medium,medium,True
y03mWCUw,medium,medium,True
Clxnfl079,medium,medium,True
Sarah4],medium,medium,True
Supmp82,medium,medium,True
Fpveup440,medium,medium,True
876K90Bxh,medium,medium,True
Qzffrs:014,medium,medium,True
B0WZWbq3j0,medium,medium,True
Qxich449,medium,medium,True
David?111,medium,medium,True
Unpmul85,medium,medium,True
Uxtpf_744,medium,medium,True
Drbtcq966,medium,medium,True
John3+,medium,medium,True
Ckgk+534,medium,medium,True
Qxapj8810,medium,medium,True
Qdsp#81,medium,medium,True
Sarah<2021,medium,medium,True
S5USVbIxtdT,medium,medium,True
hJc1aygZe,medium,medium,True
Baqjq{62,medium,medium,True
bJPkZHUP,medium,medium,True
Alex^999,medium,medium,True
A9IqbiOSNoH,medium,medium,True
Mike3_,medium,medium,True
Ztpcv434,medium,medium,True
Aviqj%66,medium,medium,True
Tom[000,medium,medium,True
Sarah6+,medium,medium,True
Yskwineo424,medium,medium,True
KKzexGQbtS,medium,medium,True
nyrbMgEtC0,medium,medium,True
k2nkKtudvq,medium,medium,True
qB#VPdNdBZ,medium,medium,True
odqKm#UT$o,medium,medium,True
Umjuilpe49,medium,medium,True
r3bp9kQm,medium,medium,True
AtEq2m2AoB,medium,medium,True
Yirdzizb513,medium,medium,True
5yrCZL3Thh,medium,medium,True
DA1JwAmpW,medium,medium,True
Lisa1&,medium,medium,True
Scwui561,medium,medium,True
Wdfq36,medium,medium,True
Uldrkt839,medium,medium,True
Chris.2020,medium,medium,True
ocvm2RhIsf,medium,medium,True
Vgsbisgv73,medium,medium,True
Anna!456,medium,medium,True
John2&,medium,medium,True
"Yjil,87",medium,medium,True
JdKyceKD,medium,medium,True
John9|,medium,medium,True
tjyd51KphG,medium,medium,True
Gowsqw<29,medium,medium,True
Razzk494,medium,medium,True
Ytkvyzjv05,medium,medium,True
Shuyof274,medium,medium,True
Emma%2018,medium,medium,True
Nonkd143,medium,medium,True
Emma0:,medium,medium,True
Upwgf9xLi,medium,medium,True
Sarah4!,medium,medium,True
Zuxm)50,medium,medium,True
Tslac519,medium,medium,True
Tom*2020,medium,medium,True
Ptvdmts401,medium,medium,True
Mary1{,medium,medium,True
Tufshx111,medium,medium,True
7bOXpobGe,medium,medium,True
te2qOdAHE,medium,medium,True
Yzwjobci60,medium,medium,True
jq!6PsjMks,medium,medium,True
Cwata<66,medium,medium,True
6DbuNmfns,medium,medium,True
Vhnevjk68,medium,medium,True
Chris.000,medium,medium,True
Emma^2020,medium,medium,True
Lisa&2022,medium,medium,True
Emma3@,medium,medium,True
Ijqoaay?68,medium,medium,True
Vvfmaf{02,medium,medium,True
Emma{999,medium,medium,True
Bgdmmo947,medium,medium,True
Emma|000,medium,medium,True
Emma[2021,medium,medium,True
Xgfe82,medium,medium,True
Emma6+,medium,medium,True
46f46Xs2mhgS,medium,medium,True
"Sarah,2022",medium,medium,True
Uvvvaxma392,medium,medium,True
Chris1],medium,medium,True
h5HOR4IcZox,medium,medium,True
Sarah4?,medium,medium,True
kQcei8xWu9,medium,medium,True
Tom<789,medium,medium,True
Mike$2022,medium,medium,True
Chris(2022,medium,medium,True
Alex%2022,medium,medium,True
John(111,medium,medium,True
Yone809,medium,medium,True
Yjsd5kBES,medium,medium,True
Alex2),medium,medium,True
Zvyk796,medium,medium,True
JJJs5hUdLE0p,medium,medium,True
Mktkkx049,medium,medium,True
kcMgkv7bp,medium,medium,True
Iasz184,medium,medium,True
Mary0:,medium,medium,True
Emma7=,medium,medium,True
Sarah+2018,medium,medium,True
Alex-999,medium,medium,True
Mgyqvf13,medium,medium,True
Lzrhz[390,medium,medium,True
414tZZkNwDXY,medium,medium,True
3Fkw3J0Xvfa,medium,medium,True
oUC1wFh6oeNR,medium,medium,True
Lblsk539,medium,medium,True
Sarah>456,medium,medium,True
5r2LKx7OxqH,medium,medium,True
Anna9),medium,medium,True
Pptfdrx84,medium,medium,True
Mary4;,medium,medium,True
Sarah[111,medium,medium,True
Chris$2023,medium,medium,True
Alex^2022,medium,medium,True
Uppbt[12,medium,medium,True
Nukhcnn50,medium,medium,True
Emma-456,medium,medium,True
Jane8=,medium,medium,True
Enzxsv512,medium,medium,True
Pjsxazg68,medium,medium,True
Vnkn7fjBqBg,medium,medium,True
Qqaih816,medium,medium,True
Anna4%,medium,medium,True
Aqoze4342,medium,medium,True
rwJ1vQnI,medium,medium,True
Anna<111,medium,medium,True
"Anna,2018",medium,medium,True
Mary7_,medium,medium,True
$7IPBIRc,medium,medium,True
Mary?2022,medium,medium,True
6EBcRktFOm,medium,medium,True
Zbsbmq@131,medium,medium,True
Emma?2022,medium,medium,True
Emma&123,medium,medium,True
Mary5:,medium,medium,True
Hpgh09,medium,medium,True
dBuNIqWw36E,medium,medium,True
David]2021,medium,medium,True
Ysxjs7721,medium,medium,True
Bkpgabn4557,medium,medium,True
Lisa?2020,medium,medium,True
Anvdmi823,medium,medium,True
b#Oh2OyP,medium,medium,True
Hgpavph29,medium,medium,True
FhATtYFCyOy,medium,medium,True
IETUHVPa3,medium,medium,True
XqvWBiyu,medium,medium,True
ZlkrRgTG4,medium,medium,True
Sarah7|,medium,medium,True
Frxjhc551,medium,medium,True
Anna{2019,medium,medium,True
John!2021,medium,medium,True
Alex5+,medium,medium,True
Ykyzje041,medium,medium,True
Alex{999,medium,medium,True
Jane8&,medium,medium,True
Mcauhfy[11,medium,medium,True
Anna8},medium,medium,True
Lisa$2022,medium,medium,True
Sarah<2021,medium,medium,True
Szvazp37,medium,medium,True
mbebPK6oBWZt,medium,medium,True
Emma#123,medium,medium,True
Fwdahuw10,medium,medium,True
Gugiw23,medium,medium,True
Jane7>,medium,medium,True
Vqqdashx17,medium,medium,True
DVuRrWwS,medium,medium,True
Anna$2023,medium,medium,True
NCykkMahbAKz,medium,medium,True
Mike0},medium,medium,True
David2+,medium,medium,True
Htiky62,medium,medium,True
John2<,medium,medium,True
c5gAC01b,medium,medium,True
Eerw#811,medium,medium,True
6VGCguqb,medium,medium,True
Ngtyj159,medium,medium,True
v$2FW9$Y8c,medium,medium,True
4nSRgeEVYb,medium,medium,True
1aq5tpPyB,medium,medium,True
Chris6|,medium,medium,True
Sarah7|,medium,medium,True
Uashfwj5746,medium,medium,True
Jirzqu332,medium,medium,True
Snvb|244,medium,medium,True
SAhooRSH,medium,medium,True
Kekym85,medium,medium,True
Rgixzhy5111,medium,medium,True
Aygzvq550,medium,medium,True
Jane6<,medium,medium,True
John4{,medium,medium,True
Tom)789,medium,medium,True
Cnxbf60,medium,medium,True
Dmanca760,medium,medium,True
Dddfapk?970,medium,medium,True
"Mike,2020",medium,medium,True
Gflyjs40,medium,medium,True
Jane7$,medium,medium,True
Anna+2022,medium,medium,True
Hlijlzu01,medium,medium,True
Chris[999,medium,medium,True
wY131lTAlOoI,medium,medium,True
Bidgz450,medium,medium,True
Anna<2021,medium,medium,True
John9{,medium,medium,True
qX1nAGqW,medium,medium,True
XCcnVbkZP,medium,medium,True
Xrslaow9662,medium,medium,True
Co27froK,medium,medium,True
Ejdiylf]22,medium,medium,True
Asxup{060,medium,medium,True
0GT0V9F4,medium,medium,True
Cgnckn06,medium,medium,True
Cnzz57,medium,medium,True
Emma=2022,medium,medium,True
Ifjhxkd201,medium,medium,True
yT8aZvqs,medium,medium,True
"David7,",medium,medium,True
Tom=2021,medium,medium,True
Kvpjf1360,medium,medium,True
Hge2ad94BHD,medium,medium,True
Spmjxx50,medium,medium,True
bdtCUoDAxlOk,medium,medium,True
Sarah>2022,medium,medium,True
Lisa5_,medium,medium,True
Gyhqcyy]126,medium,medium,True
Zcngng58,medium,medium,True
o9LTAfIUy,medium,medium,True
Anna_2018,medium,medium,True
Bqtv90,medium,medium,True
Dzvfnb-77,medium,medium,True
Anna|2021,medium,medium,True
V2004ygLsNP,medium,medium,True
Sarah7%,medium,medium,True
David]2023,medium,medium,True
Lisa+2022,medium,medium,True
Sarah<456,medium,medium,True
Ffmr593,medium,medium,True
Khxybixx2043,medium,medium,True
Zvyh882,medium,medium,True
fys5ngdC8oA,medium,medium,True
Vdfal6224,medium,medium,True
Emma]2018,medium,medium,True
Fmuvpse52,medium,medium,True
rK@!jOBW,medium,medium,True
Zryhfmfm0519,medium,medium,True
Ivvuikm$273,medium,medium,True
f1MrJeB9bF,medium,medium,True
Mike[000,medium,medium,True
Czxpnf178,medium,medium,True
DMqexBwlCiZ,medium,medium,True
Mary@2022,medium,medium,True
Zuxdsu15,medium,medium,True
Doar.49,medium,medium,True
pzRgJpOq%L,medium,medium,True
Srtkqi191,medium,medium,True
Fkyc07,medium,medium,True
Tom+111,medium,medium,True
Jxfai1578,medium,medium,True
XRHzfutNBtY,medium,medium,True
Cwnzggz<20,medium,medium,True
Sarah|789,medium,medium,True
Mike.2020,medium,medium,True
Alex1),medium,medium,True
0#anSbD70,medium,medium,True
Qatiujs219,medium,medium,True
Lcxffwk^547,medium,medium,True
Dmsynqp350,medium,medium,True
Ccmidmm+37,medium,medium,True
Zjvmlns752,medium,medium,True
Lqji68,medium,medium,True
"Tom,2021",medium,medium,True
Tom:111,medium,medium,True
Nsyzxelr25,medium,medium,True
Zaviexs959,medium,medium,True
Jrmmdvd(78,medium,medium,True
John}111,medium,medium,True
Jane=111,medium,medium,True
Mary+2023,medium,medium,True
4CDg3cuUufky,medium,medium,True
Liptuqav81,medium,medium,True
e7IE37eHKGqi,medium,medium,True
Sarah8:,medium,medium,True
Xlcz<52,medium,medium,True
Jane7{,medium,medium,True
Vsmecsq5828,medium,medium,True
Jane9.,medium,medium,True
1pjKSJ6p$u,medium,medium,True
Lisa9_,medium,medium,True
John-2023,medium,medium,True
1y08AKcN,medium,medium,True
Grbffut030,medium,medium,True
Grimf24,medium,medium,True
VGxjZUaP,medium,medium,True
siHM3O18V0,medium,medium,True
Fadewr20,medium,medium,True
Emma<999,medium,medium,True
1jKBVJb6,medium,medium,True
Emma{000,medium,medium,True
Lisa&2023,medium,medium,True
David0|,medium,medium,True
Sarah?123,medium,medium,True
Tyfm07,medium,medium,True
vy1Pi256,medium,medium,True
Oolqw15,medium,medium,True
Anna)456,medium,medium,True
Lisa>2023,medium,medium,True
Chris0|,medium,medium,True
qWQvUKnd,medium,medium,True
Lisa.2023,medium,medium,True
Anna3+,medium,medium,True
Temswe6805,medium,medium,True
lQ6VmR2sQ,medium,medium,True
aAm2k4SR,medium,medium,True
Zfhmzk460,medium,medium,True
Xtfmttfk448,medium,medium,True
Lfqu253,medium,medium,True
Byhij301,medium,medium,True
Alex1>,medium,medium,True
Xmyoc49,medium,medium,True
rkzF1RRbHSP,medium,medium,True
MduJnIzFaLU,medium,medium,True
Lisa*2022,medium,medium,True
Xjvbpj9206,medium,medium,True
Fxkjyqae404,medium,medium,True
Jane1+,medium,medium,True
Chris-2020,medium,medium,True
Anna=123,medium,medium,True
LYldkJbJE4,medium,medium,True
jgU19Srw,medium,medium,True
Svcmw27,medium,medium,True
Vcdi(10,medium,medium,True
49t8YE2aD,medium,medium,True
Jane%2022,medium,medium,True
"pC@,CW{&.73LEPym*]",strong,strong,True
Fk0<jahw31IJxa1M,strong,strong,True
"Ic2,+aqZy8b;Ve",strong,strong,True
Si*ld>TDJy)uq,strong,strong,True
1a4W&;>BM94#,strong,strong,True
[m@ix.^G.ZbeP,strong,strong,True
Gh7@IS7iFOft?JvP,strong,strong,True
"XRulf424=,llbR",strong,strong,True
ULdum904-#BJMj,strong,strong,True
[Cv:dud2k9v0&,strong,strong,True
TB:Bn4;JIzI1}^,strong,strong,True
&&BVuV_8BGMB-jVV,strong,strong,True
UIseg295{;yJDk,strong,strong,True
vI(C+*G;Tjo*(Iw,strong,strong,True
ePw{byNhoHFnK,strong,strong,True
[51<kg%#:#7PH{B,strong,strong,True
18?CUSx_@g+AH&,strong,strong,True
"THepr328>,cLRy",strong,strong,True
EQhcm369.{KLFw,strong,strong,True
WToyy824&)VlDh,strong,strong,True
4}5!:RAV>z+J|,strong,strong,True
Yx1;HoE%Gzz.y#o,strong,strong,True
"8mS*yfw?vi7k,*uA(|",strong,strong,True
Sn2pMg47e&brY@,strong,strong,True
I5d;kCY.JF0H3]pp;,strong,strong,True
QCtkm810@;rNmx,strong,strong,True
DRwve853>*sfSi,strong,strong,True
AMQ5YjXT4B+idV5Lv,strong,strong,True
Zw6?$3kjQri(3,strong,strong,True
jOf:Ya.ds2nMO9VE,strong,strong,True
Zy7|$nYtqeYu;}SS,strong,strong,True
BXbhv790>-gvWt,strong,strong,True
"MdS,hG%=DJhw]>&",strong,strong,True
7_[#X_?.<pk-,strong,strong,True
VEB}#@Z8SJ{23V@m,strong,strong,True
pkH3K5nUm#h#j=},strong,strong,True
ZXglg875_?JQLD,strong,strong,True
;qFLRX1A-=z)2{,strong,strong,True
Cf2?yVc%cnK9}j,strong,strong,True
Go5+[%B6>kv],strong,strong,True
XGjnm964.^yLEz,strong,strong,True
bS;=Jd5I3D(jQ,strong,strong,True
-4AAJ]7+3P8;#n;,strong,strong,True
RCvqe922@:kZIY,strong,strong,True
Aa9(?Bu$twwxBzI,strong,strong,True
Fa8+rtZ<GufAX,strong,strong,True
Ms7|>0K-=uWe2,strong,strong,True
OQxtm504^)igzP,strong,strong,True
Zc5%+sF)zHBxHnC],strong,strong,True
RMdvo925@)jNoh,strong,strong,True
Rr3(1m^sB^w(,strong,strong,True
SXbux855_$BACC,strong,strong,True
Ze6#GWDe_uA%L8],strong,strong,True
AZkwq840=;csoM,strong,strong,True
Hp1_=f$r_{BTrX,strong,strong,True
497$ZQ5]?;QLhca>SN,strong,strong,True
YKefv659&]yVRQ,strong,strong,True
Uo0@W5DCSaYOKD$,strong,strong,True
2U]_S:Xj[l(A<S8@=,strong,strong,True
Ik{tdKY4b{<ShH,strong,strong,True
Ns_(0vAjdMJ>j|@,strong,strong,True
Jz1:aNb{gC!xDnp,strong,strong,True
"Fl6,BGK6k9KbE9",strong,strong,True
"Odp(bRZ^Xb,)$K",strong,strong,True
"=]mlk[-#Wl)M,5W",strong,strong,True
oB}h.fGO#*L.k4,strong,strong,True
OfS]*#rQhXTHWY_3(,strong,strong,True
(}2vegYbX:S7j2HB,strong,strong,True
hx_y^%6:f@k@rTGR,strong,strong,True
KVkdr204]]QKGh,strong,strong,True
mINxYy1b:j94|,strong,strong,True
3P@$+3BsL]h}NLQ,strong,strong,True
Mj0?-UWA8Gv{G,strong,strong,True
RZfzy009{*Hvxq,strong,strong,True
}=SZ{]6&&$&<eY#,strong,strong,True
LYbkw161;{QAbO,strong,strong,True
62r]0R0l3@A$ZR+,strong,strong,True
5qPGMki8NncfZ$+fn,strong,strong,True
"Py9!KxtV^,I57NY",strong,strong,True
^d)iBof)+WKUl7^.,strong,strong,True
wqAyA*<IshDfIIF0bL,strong,strong,True
WImyf650@[YBCQ,strong,strong,True
D#N@{eGCE0UCBQW&,strong,strong,True
"MOLY#!3iI@1v,*7E",strong,strong,True
UGcrh138#^eAdZ,strong,strong,True
#csJ4.9ri2x}7kv,strong,strong,True
8aN[s1dRi-*B,strong,strong,True
3)0WXgehO5eXN@@,strong,strong,True
gN5lFpFXtZ>eE,strong,strong,True
YACs}3YveR?r,strong,strong,True
VHebs144&{CSZu,strong,strong,True
Jg6I0oLvktwMJ;,strong,strong,True
NMzjt959)&vFcp,strong,strong,True
Vv6]}p$sgUnfHJ,strong,strong,True
"i:,{T_Io.ImX,)=V#",strong,strong,True
H&h9dJBdgZ<9x9C),strong,strong,True
y3[U#swWHblyZ4?,strong,strong,True
XNsub193=(kqWD,strong,strong,True
Ap8;(U.^OKlC,strong,strong,True
Ku6*7$UAaG?r|,strong,strong,True
pz]Vdyf?uC=Fo%!7&i,strong,strong,True
NAirz488;@UbXy,strong,strong,True
j@tI&]oBQpDM7p,strong,strong,True
Wt8@v_lcrS:48,strong,strong,True
"[Oan;>HY_6h9k,@u",strong,strong,True
RZcaj048[|Ixjx,strong,strong,True
CGnoy689$}JIzv,strong,strong,True
E]xo}^qw2>++N(;JE,strong,strong,True
MViqh848??BcPG,strong,strong,True
!XFxz.MP|S_iO,strong,strong,True
Vg5)sWVm{gN[,strong,strong,True
"p&B<_1sJ78,ME",strong,strong,True
Um9&YD40r)7%)s!.,strong,strong,True
MIycg329)%ZOhw,strong,strong,True
Gj0>hdhdbRzU*X<,strong,strong,True
By4-}0qbO+6Oba,strong,strong,True
*.wFcS%[+J1RVL1,strong,strong,True
w^sf?Ncrl%AG1Uy,strong,strong,True
At0==qw5;o6{e?,strong,strong,True
BKyfd761:+fadf,strong,strong,True
&dn=($V}E6j;n#1E=N,strong,strong,True
Bf6-V|vb$0HZ038U,strong,strong,True
Um6&ppLPZqS-r.C9,strong,strong,True
?T7<Pn]qf[s=K8hr,strong,strong,True
_rsl[C*RTMC]aH-_42,strong,strong,True
JWyqp480$@zzMh,strong,strong,True
Aj2{$4pv^N%#36F,strong,strong,True
CSdwl767>]ZFXc,strong,strong,True
"j%jwN,4|@X@*",strong,strong,True
2+<IBnbM(:=ACRw%,strong,strong,True
Ir2%saq987Z$,strong,strong,True
UEkcd713*!CBIj,strong,strong,True
N:bhc^8tI[]#ms&}k,strong,strong,True
"a_rZ,T$Ist_P.%]1a",strong,strong,True
y)$gwY2EUW:QjR,strong,strong,True
:)&dJjtM2LOx,strong,strong,True
2D.b#&#.oLphR.I.wg,strong,strong,True
GFicc454[%Hlgf,strong,strong,True
1eTFJ}t:8-2Kz&R_,strong,strong,True
XBsrf361#{juWX,strong,strong,True
JTwch486}{PRNR,strong,strong,True
NPeqb186$#TLoz,strong,strong,True
Db9{:GZ6YW$Skt,strong,strong,True
BSMCMs@8#2=O+6,strong,strong,True
mj[By1e=l502,strong,strong,True
7X0D)Xv+^$X^:$T,strong,strong,True
"K?Ykj,PB?-W{v5pO",strong,strong,True
LSvaw582!+RrMo,strong,strong,True
Tb7.;$9#ESqkcx,strong,strong,True
VMkvy257#$dVtO,strong,strong,True
KMvjv776(>RLsi,strong,strong,True
)?4@q2@ZzT@q1FS,strong,strong,True
uJ($Z#FA%:1uLh[N#],strong,strong,True
DfQ6Sf3vbl3WvA)j-P,strong,strong,True
t@}A9_vU9VXs>!,strong,strong,True
)?WYT#r^&faK+db-,strong,strong,True
sqlzl!cJPIPugU,strong,strong,True
Jo2=qi&wWgBZ,strong,strong,True
"+*1miJ26,^MGg;#L",strong,strong,True
"%?g,ezxr!b$TlRzks",strong,strong,True
MVubx386#&qhxI,strong,strong,True
{bLYq@iCE7FF2OY,strong,strong,True
Ew0{cQpS3S[{o:S,strong,strong,True
YSnqc921;&MHht,strong,strong,True
Cy[0{cB@)N%op-=JA,strong,strong,True
Cv8.mn2Yw:Qg#J<e,strong,strong,True
9bBhsq=Bx{&NlK,strong,strong,True
So2)D1:SZI<^rk^,strong,strong,True
Sw1<)XV3>d6K$gy,strong,strong,True
SHeyw579}]nwLz,strong,strong,True
CKI7]@#%A[0RIpDbX,strong,strong,True
"Ae8,:X2xMCwCK",strong,strong,True
<#n;VvOc74*xY!o2T,strong,strong,True
B1m}can%>kSR48k(,strong,strong,True
n7?+XNNAhYmPe,strong,strong,True
l{tiiV.4S0:c*q>,strong,strong,True
b5PTT_V*Aq(3;_1,strong,strong,True
boY#_k+HJe1#tZ[!>l,strong,strong,True
acM0CGug#!.q1:,strong,strong,True
EIeju281{*rULR,strong,strong,True
MxC?$1YBeKP(WeVJ,strong,strong,True
Mv7)-yZbt;%9Po,strong,strong,True
QRcnx347+|lvEk,strong,strong,True
8}8JvaKyNfBNF!,strong,strong,True
QPi.i:>CkZNd,strong,strong,True
xEr_-3(.!;DHe(GM,strong,strong,True
"Ra5&j,kM}]-Q*W",strong,strong,True
Qz4[2$8y?>)V&X,strong,strong,True
"CF*,DZ9N>){U",strong,strong,True
Oh9)SwBU|K^DCZ)_,strong,strong,True
^XdPZv4:uC6omf)+,strong,strong,True
Bn1[}_[bh<p5uX>Z,strong,strong,True
M#TS-P7cUi>4>>e,strong,strong,True
L+}S9y<0Pltf,strong,strong,True
>K6)jIr1Uv+Vg,strong,strong,True
SGdxk401=?Atdm,strong,strong,True
Ff9$7ELB{8&8AIu,strong,strong,True
Ro5=aG@#*jP9]iI),strong,strong,True
[=eSo&[6jrI4}on^&U,strong,strong,True
Yp0&k+lZ?K8nQ<CJ,strong,strong,True
"kBs,YQYe{8?F+?hdc",strong,strong,True
Tr5%l<A;N<vd$,strong,strong,True
Wj2}U2)c[L{Fr6,strong,strong,True
NVkud193#$ipbd,strong,strong,True
"?y7U,P&]G-H=F.1",strong,strong,True
XOknx970?:sAFO,strong,strong,True
Yk7<TQUa&h;g}7,strong,strong,True
Td5&.kMH>D_vAvy&,strong,strong,True
B]GATz%gA>#|,strong,strong,True
OKlnk680.)nvcf,strong,strong,True
CQcgr473>|Nalm,strong,strong,True
yVV#h.lk4_J=!u#e,strong,strong,True
9g<!AUL%:6)Ck-,strong,strong,True
=#n1ASs{^X6]q^,strong,strong,True
FN.(=xX]1X11<7k,strong,strong,True
Ya8|>?Vxs]=&7,strong,strong,True
BHopn424=-Weau,strong,strong,True
c8]Wv@BS0$rX&j]b9,strong,strong,True
Vz7.2pu#kc|>jzy>,strong,strong,True
n[HnTGLcHE*#hyV,strong,strong,True
Jv3!H|v(rZ[m:EXl,strong,strong,True
$Tmuqx8f%fa8r>+R^,strong,strong,True
FZcke871{<VsNh,strong,strong,True
FQthk018@&GxuX,strong,strong,True
Th8^Q=>!uPBv5N:,strong,strong,True
LXtof337+$quvd,strong,strong,True
Zv2?b+vA(hB>S,strong,strong,True
"SlP,qm]o}X5Om]",strong,strong,True
URkbp583!?SHrc,strong,strong,True
"!L}uWeb@,upiBdb",strong,strong,True
KRavy606*_bAlS,strong,strong,True
56N!I&9q2pt_,strong,strong,True
WRfxr322{<HWgE,strong,strong,True
Ir0[??@{*LF29Y2f,strong,strong,True
ZFjzx712:{XJIn,strong,strong,True
UQuty996}<Yngt,strong,strong,True
i#_u9!bIc}5k,strong,strong,True
TkGZYx4_W;s?Uu5I{,strong,strong,True
Hb9#$CMj{i5v,strong,strong,True
YoO@Wi*h}iD|^UP<,strong,strong,True
$D;;^4>wfzikW=,strong,strong,True
jIoAdo{c$nQt?Gb,strong,strong,True
Qf8@i*]gAywxd-,strong,strong,True
)k2Qf#Q4ERP21Skr,strong,strong,True
WFjju896]%PslH,strong,strong,True
BYxyo627+*oWuZ,strong,strong,True
Wk1;lOi06vPm$4ga,strong,strong,True
{)<4uI4GkzNj=I,strong,strong,True
M)jqx]Ykz0t(eu.i65,strong,strong,True
Av0[+e>5K#2=4a,strong,strong,True
_LKry>qyC7U[g;)H,strong,strong,True
OPauj987!<dIRU,strong,strong,True
>[0D40V8t04$t3Fp$G,strong,strong,True
(VeDyNx9t>*vvy(f,strong,strong,True
_:4d-Xhi6+%&>k3)?,strong,strong,True
Ee4>W*H+rFQ=VEZ,strong,strong,True
JVtoq407+(Alus,strong,strong,True
"Rw7<RQ*,_+@xcj",strong,strong,True
"CUl7@*,YbU(h%uUn",strong,strong,True
e-)@s^0YF|#JQ8,strong,strong,True
Kl8%0U@g|l#oV<2,strong,strong,True
^ytSg(S?=yS_22r8[l,strong,strong,True
Da0?|Kr8NpKC,strong,strong,True
ehfI.honxskUXmT,strong,strong,True
No9:l;Rm@_.?[o,strong,strong,True
UJb*!+E%q^.[+]#,strong,strong,True
KVtow107$*ilXD,strong,strong,True
Bs2{PVK>%{2^>v.x,strong,strong,True
rZi0M|zA9YNu8k,strong,strong,True
A#[:p}y7[%Oc3)8$wr,strong,strong,True
DXrzl852|$jGVR,strong,strong,True
Dr(Ir5Y#5z0t=5--K,strong,strong,True
JPpey650[#qLpQ,strong,strong,True
q{S0&fMAm^IG7x|,strong,strong,True
Uf9-&Pu&n%MR_AI6,strong,strong,True
Rq7;#-bL3cS%-,strong,strong,True
"NWwfo114&,tLUa",strong,strong,True
I@R_r^YEVo?JNqg.b,strong,strong,True
Pu3>vUKB$Cfqr,strong,strong,True
Of3<PLv21=i0KVCm,strong,strong,True
JPmar819)#eoPa,strong,strong,True
RJ5z7bMMMKeju#CH,strong,strong,True
kdRYMV0W4&XpuGhz,strong,strong,True
"Dt4.#nM,&RvUmx",strong,strong,True
})ppY4akR!o3-9z@8I,strong,strong,True
HKYy0{:-!3Nkk,strong,strong,True
xa}3rg249xsb+9A,strong,strong,True
"n0D(VkDr;%D9,#",strong,strong,True
Bt1&+hDpse#5co,strong,strong,True
HaDh{kpW(#8S,strong,strong,True
NXuia438}|IaHE,strong,strong,True
"A9T{G0Cn,1GGxbP",strong,strong,True
h-:.bK0NCwgd@Gu2,strong,strong,True
"1K#ACw,i;Vo@y?",strong,strong,True
Yt2@Rp{L=9DslS,strong,strong,True
q-La+dX8vq0t,strong,strong,True
"FKqvp608-,qoNz",strong,strong,True
Yq3;&r>xa>Ov9,strong,strong,True
Pb1[k@.M3ZL[iV,strong,strong,True
Qn7|Qp:y.Yx&2g,strong,strong,True
Fgz[(_b%1=;37,strong,strong,True
Ah2@DoW=WKq^wr,strong,strong,True
QOcwr732((Msdr,strong,strong,True
OVraq631^}Mesb,strong,strong,True
"Zx5&pd!{rp^];S.,",strong,strong,True
[U!zsJQ6oSlpAAfh}J,strong,strong,True
"-O*-eo^5sV,#",strong,strong,True
;zb4QM$=Nt;6%{kE,strong,strong,True
7?aO&WYaX:C3<oXC,strong,strong,True
RAwtd453${scYV,strong,strong,True
p&%Sh$mPI^jMxr_Hh,strong,strong,True
Bf9{in%FSqi%;QlS,strong,strong,True
WEqJ%c9Gcc0)Dtj,strong,strong,True
"Qr3!I+nDGSQ,",strong,strong,True
CUhzr951=+XHvj,strong,strong,True
Y+j*0gn+.U72R@2,strong,strong,True
byE-kIhZU7)KFP,strong,strong,True
CIkba336&.agUg,strong,strong,True
"Yv9).oaYf.[lpq,.",strong,strong,True
XJihw806{]gjty,strong,strong,True
Qv8%WUWKaX[kx3#G,strong,strong,True
tlpu&fh=d]$gE,strong,strong,True
TN&_tj&-hF_vq-+,strong,strong,True
W58CYA45CGii}Rkz,strong,strong,True
Ak4_Ywp!#J0(=.|e,strong,strong,True
"GSnhj948%,cgfO",strong,strong,True
dQ8MR^9yk$6)[C|m,strong,strong,True
Ah3%CBYD-W=)bYM.,strong,strong,True
El0(q@;&7puiwl,strong,strong,True
ZSmdv968!]pyBP,strong,strong,True
RSdR]q{m6e5TgG,strong,strong,True
fu@%WZ]fG*3mV;mhl,strong,strong,True
"):@XO.f,cNcd%&&}h5",strong,strong,True
ZTiat770;(lFii,strong,strong,True
H4CsFhhxq[nc}2,strong,strong,True
KJlgn262>$Grxh,strong,strong,True
+iewA(uJtB7ydyM,strong,strong,True
Yu3}fB]3.A@l>8u],strong,strong,True
w>0HXP?UfDZ[s{k,strong,strong,True
U0YoWgKEQtw]apZ,strong,strong,True
#O{TPSpkUkTd,strong,strong,True
pCy*=]MkUEN6|o,strong,strong,True
SVuyc245_:kawC,strong,strong,True
Bn2;66J3BbAZ:,strong,strong,True
!c9ach{wPta@f>[,strong,strong,True
Jv1?wDiq#PB1VW;v,strong,strong,True
NDzxh011$:ICKW,strong,strong,True
Vh0%Bi$5eP(Tje,strong,strong,True
UowM2W@W=@lq{A5<,strong,strong,True
Vy|N+&Fh].+bN4CS,strong,strong,True
GDded246.-qaQl,strong,strong,True
"f&6chK?4,fjzdR",strong,strong,True
ILkyl773($IiFe,strong,strong,True
QEhzp482&@uKyH,strong,strong,True
_^S{w9i_|^_Uz{E,strong,strong,True
"Tu7.is=e+?,Q}&K",strong,strong,True
"z(0_h#:FO1J|<{,H9",strong,strong,True
Tl3<z&slyJpY4,strong,strong,True
Rt3@CKk)B@tD=vp_,strong,strong,True
Bp6$7%mk:DBJ-:,strong,strong,True
IElt%^R+f@EJYv2,strong,strong,True
"{Dq2R(8:ce!b3,28",strong,strong,True
Cj7]QK01x5e2RaRL,strong,strong,True
In2]!UXu{f^W7K,strong,strong,True
CSutp029&&ZjUW,strong,strong,True
"Wf5?aE&QiT3M,",strong,strong,True
HZape298=+UqcB,strong,strong,True
EZiot917*:dUOc,strong,strong,True
im{%YJ-wXF^lw6,strong,strong,True
",1;S1(NwnlkdU3]h",strong,strong,True
FCowi315?-mGkS,strong,strong,True
pJ6|i^ttc[t}!n7^,strong,strong,True
Zq6=uTfaijo%|,strong,strong,True
KJihc312).EBZf,strong,strong,True
"Ee1@@F;A)|,|",strong,strong,True
ZWwqk526&?QQaN,strong,strong,True
3ZB5<z1uNNGCj{Cme,strong,strong,True
Nk4.]KDgcOV%UNB3,strong,strong,True
41AuxrTo7)=%AD,strong,strong,True
BEksi988#>rHMP,strong,strong,True
Ep4<&&7J1:?E8X,strong,strong,True
Db4=UNRgs^te,strong,strong,True
Zia(SWh@DDcuIK,strong,strong,True
MJzat055-[YTXS,strong,strong,True
faP4)$DzAKae&U:T,strong,strong,True
!@:iW=FE*TE>fQ|5Dt,strong,strong,True
"oT)7Bs7rzJ(+,])",strong,strong,True
TJzup788:-pOow,strong,strong,True
Od7#nq}!Gj&Wp%e,strong,strong,True
IVkgu810)}GkJa,strong,strong,True
MDptt178(%lkSE,strong,strong,True
DWhkn262*%AkHB,strong,strong,True
Eo1>KR(j;w!N],strong,strong,True
Fy7>C)0zIaV%)g,strong,strong,True
@7%V)7eB|V[&T8Xct,strong,strong,True
Gy#UHhl-8jMb$Sn6,strong,strong,True
Kk8-7on:xo:d7,strong,strong,True
DYrzz373<(fPsD,strong,strong,True
Z@|1Y@=W^Ev{-@V,strong,strong,True
|3sEd2w8%e5fJVW:U*,strong,strong,True
Ns2^$FP.oeZgWg,strong,strong,True
*]{:Rv!r?^o7wao:,strong,strong,True
Wx0+S17#^H}^4&0,strong,strong,True
n1j?Q5Vd;Tt1Ce,strong,strong,True
QKfia866=@pmSh,strong,strong,True
Ud9;BApy${xPZq,strong,strong,True
VFdhi534!_FYee,strong,strong,True
DTysa997^-weBw,strong,strong,True
Gy4-00E4(f|y3sU,strong,strong,True
PNvco849;&tbxb,strong,strong,True
2AQlz7%2F<NI=q,strong,strong,True
Ds1!>-;Wb:T>d=,strong,strong,True
UWmrj106>>iCJn,strong,strong,True
Zu6#gS2)5|v3,strong,strong,True
V(-T}MII0=Tei:,strong,strong,True
.994-;0wcU06l}IR,strong,strong,True
+t:MEoG>s3E=Nr,strong,strong,True
ZUmgy943;;Kdjb,strong,strong,True
%*JDu[QKnXD5O,strong,strong,True
*cB@khCb5oG6Yp!=,strong,strong,True
"Lq2,jVqqZXoOw}6",strong,strong,True
V@LknZcN|U{r0sQN,strong,strong,True
Qy2(eeYKk9zg,strong,strong,True
On9{[zH4D=a:sZ,strong,strong,True
Up2<q6zyeK*dUX,strong,strong,True
]0R[dMupNQq=n9O,strong,strong,True
zEsLCF4uiXo]W+,strong,strong,True
MQwur064$@nSeq,strong,strong,True
"Ep2,dqc.{?lh",strong,strong,True
Jp0*8($@Lz^t.V,strong,strong,True
Lv2>&y5QRB(Wn,strong,strong,True
Gz6)m^npt24Oz,strong,strong,True
h;#R]YA8)[gh*h,strong,strong,True
[v*s)eXLMbuZ!GO$J,strong,strong,True
w@E_u*GGP^T(uM,strong,strong,True
Eo0(AbltO?NN,strong,strong,True
"<hn8gcI,dclD-(",strong,strong,True
"quFSo]dC3#Kzd?,|K(",strong,strong,True
#ihc=_d+a(sB?_n,strong,strong,True
",6qgJGtMBMhgtnx!]&",strong,strong,True
*v.JKVc5q;Vcs!n,strong,strong,True
hq!.E6k|$9q+0RA,strong,strong,True
wjgL$IQcdPA+b-Q,strong,strong,True
fJ{k4(eYpK1=<,strong,strong,True
BYrrp472@-zrOQ,strong,strong,True
rQHMl1:GH]]rO1,strong,strong,True
?n]niM98J&pF,strong,strong,True
PEveo319(=CxpR,strong,strong,True
PXviw484}-fgSq,strong,strong,True
9p#V!diJ4Jr4G,strong,strong,True
MNfyg426<+XFxn,strong,strong,True
pBRtRGGVj);Y%SpFsd,strong,strong,True
Ep4.ro9&6>2Y-c:,strong,strong,True
"g,c>X1yY92Y1[V",strong,strong,True
!2.y[?$s^lQs,strong,strong,True
NHsgm073](qlBa,strong,strong,True
Iv1|z&16k*[VXCas,strong,strong,True
Vn4&MFyzp{g$&i8,strong,strong,True
Pj1}L)99+cxC,strong,strong,True
HKeee445!_WpXT,strong,strong,True
Ok3>IBzGY9zdY,strong,strong,True
^O-{>d:H^RRT+y,strong,strong,True
Vo9#4Qm27Q9Y1,strong,strong,True
ZYrkm031%^lqjZ,strong,strong,True
Mh3*kpe;01CO+I,strong,strong,True
vO%@;pAc)R=}<,strong,strong,True
Di3})TmWs6V]Os#:,strong,strong,True
Tc9}&1=#}G5K&T,strong,strong,True
"Eg5<q4,,E|,vR<",strong,strong,True
Tc8$ujw#f;rkR*>v,strong,strong,True
"Wk7<#JbbD$#x,",strong,strong,True
2l!=f(U$(aHlb}a,strong,strong,True
KcuV4(l4Tz&i8}N]*_,strong,strong,True
*_nUtWgVk{yDj],strong,strong,True
gv;zzU>7*[]w>S{,strong,strong,True
"Gj8,qu?;(|4L",strong,strong,True
Vm0(Vz6|k)0xFodz,strong,strong,True
zS}Am@ox$rgZamv%b(,strong,strong,True
RIjrb103-]FmCt,strong,strong,True
NVkyu805<(bbLl,strong,strong,True
Gm8!u4Sa%=p9[,strong,strong,True
6Xs}MAZd8G.uEiX$,strong,strong,True
"SIG<,Or]hwtu",strong,strong,True
Os6[z9U:JahLF0z,strong,strong,True
"Pl,HOCFul{I1O1f*",strong,strong,True
MKfrs946{:Pgqw,strong,strong,True
OGtsa+6x(<RXh,strong,strong,True
RNK{lSV<v{ugax)Cu,strong,strong,True
Eh3]6Ht@@2kyU,strong,strong,True
Rl9)!4|ow&F@Uu,strong,strong,True
Ka6$e4pd;K$F,strong,strong,True
Z+2[^(cEr>-]JZ6,strong,strong,True
}pmy5Y9v.^wl{=B2I,strong,strong,True
oF%2YB3Mw>9!I,strong,strong,True
7Cg^6%sml&?dB,strong,strong,True
I5Y^j>f8Kbq8iMuY{,strong,strong,True
B|36;BV7?|r;lM,strong,strong,True
IXvtu434=-QeeB,strong,strong,True
Dl4_xY.#oLlY,strong,strong,True
0aIVFJ$KC5Bf,strong,strong,True
KMbhm793^]SDWt,strong,strong,True
!abYG-)dz4:|xd,strong,strong,True
+io$wr+_4@yiQ=,strong,strong,True
HApaj154*)YPVQ,strong,strong,True
t-}?3W3{e46V,strong,strong,True
Nm5=hA:F7KK_jW5,strong,strong,True
>$=U}JJG3.+z2Z0,strong,strong,True
Sv2;2#[le2V[s:[D,strong,strong,True
Sf1.X-4Rl$e|O>,strong,strong,True
QZ{N1hHssP=mM,strong,strong,True
Yn8>C0hI?2$bv1<Z,strong,strong,True
Tb6!bPvVR(;NPJ,strong,strong,True
%fqe1fzg*[|6)Uh,strong,strong,True
Nt2@$j_KYbc1[bB?,strong,strong,True
N@(:r)Fz9=IH(G,strong,strong,True
m:kydJ$$*m)r,strong,strong,True
Pk1.}OSUED3e7,strong,strong,True
!GmiR%s|g[;Bm>.[a,strong,strong,True
NFy;mVONQ@5[%Q99I,strong,strong,True
OUwqb552[<EYzB,strong,strong,True
zC:EI.o[nKGR?H7U,strong,strong,True
S%ue=!}[sCGEXN,strong,strong,True
F_@P{mcF1rn}k4S,strong,strong,True
"CQzhd691[,qaYP",strong,strong,True
Hd2*QzREfnKk,strong,strong,True
"jBm.,6&k[D<BAKL",strong,strong,True
c_0A.QI_2j(R57-<,strong,strong,True
"@>+P;VY>,r@t?W}",strong,strong,True
ZPpkq469{$mejH,strong,strong,True
*2A6+dXm6MOm,strong,strong,True
"Bi7.,rh;6tnI=9?",strong,strong,True
Nj1+ts1WS7Th<_%Q,strong,strong,True
XDgky180*-mrgG,strong,strong,True
JDptp682]?GArm,strong,strong,True
Pw4+1{&4f%wMI,strong,strong,True
3ta0)|SSu2(C>9<U,strong,strong,True
Yy6.PO]}+xiMSk-u,strong,strong,True
"88LJd!BZ,VYkkJ}uN<",strong,strong,True
KUjvs705!<JGpw,strong,strong,True
W!M]bhlPdlL+*7IV7,strong,strong,True
h*HmqoP{d%V;-,strong,strong,True
IBxdm282&.afYS,strong,strong,True
QEvbw599;>znzK,strong,strong,True
eztUFT}GiWPDG#,strong,strong,True
9Dfvtadud.?b[>z-,strong,strong,True
ZE_T7tLZ11nZ>}Akw&,strong,strong,True
73.n*PGe5kjf^d-d,strong,strong,True
"QG5(K;gmy@n-R|R,",strong,strong,True
Mr3.za:o1wOS+,strong,strong,True
5>G(m9zyZ[Ta,strong,strong,True
"57Fm7wTrf,vs|",strong,strong,True
Ud4}#q7m+O>=$6Cq,strong,strong,True
Ex1>e:gjPKwVIuBj,strong,strong,True
Fw7)JCO[Q{i8,strong,strong,True
G**Ycl%d$p0P,strong,strong,True
k&;VuT]ZObs](6,strong,strong,True
Px9;ejzdA_Y>LbJ,strong,strong,True
3?WYAqf^a[]e1B,strong,strong,True
"Uj0=hl,#(8]S=J4",strong,strong,True
Vw2*$.[-+a^a,strong,strong,True
Ne}<t7+6Xxb(@,strong,strong,True
"Z6VSFWi[]?,$>A",strong,strong,True
@]av[uwX>YX}|0zYks,strong,strong,True
ca(>cxcVaou<0)@,strong,strong,True
k[%64t1CG_d5P[,strong,strong,True
Ge3=#nL!4sV|j3S},strong,strong,True
J]DS[gmP_rx2>Y,strong,strong,True
"yX!{9,ws7T[}dig",strong,strong,True
"Lx2,7<S#hQY&",strong,strong,True
|V^*G9VRl@@|KEu,strong,strong,True
Iw8@ejl0^|lw#B]B,strong,strong,True
$KcE$GoqjPhWZ|>,strong,strong,True
",YTybx:dH-:.d[$VS",strong,strong,True
GEqfj978?:eEdQ,strong,strong,True
ROsyw078.!JyMx,strong,strong,True
Et5@nKO5{|1!,strong,strong,True
FKhga982{[fscA,strong,strong,True
qVc47sFHcEpMG#6,strong,strong,True
aCGo0<mZeVJh4<e+,strong,strong,True
cgAqREYyhFE;L,strong,strong,True
Eu5$|k>a(F#g(;Ha,strong,strong,True
",g03pejPDW>H*6S|",strong,strong,True
NZJ+)APL*jcNP4+2=,strong,strong,True
%nnCU$rN5X_NHk,strong,strong,True
Tt9%ceTQ2Q&Dx,strong,strong,True
ZZzfx193[.kTyl,strong,strong,True
8KHGxp@lGJj#BA&n,strong,strong,True
BCkit371_@aLKv,strong,strong,True
DUokm490=$rQiw,strong,strong,True
N8:CkteeW%]gB7z,strong,strong,True
"Ks6?IC;WSh,U<.s",strong,strong,True
yr;%n<Gs*?qmhfLV?,strong,strong,True
3#>WMae<7J$0-9,strong,strong,True
"TGIeULY,7:gvQLW",strong,strong,True
MLwwy925><XPQs,strong,strong,True
Sm9@o$2=ISLT,strong,strong,True
byRaM%{6qtdquL,strong,strong,True
"NNhny269,<Sqwy",strong,strong,True
SiARCm-}:u{68UlL,strong,strong,True
Tq5>V^p{pr>BuF1,strong,strong,True
Mq4}b6dmJvPT,strong,strong,True
"PMjgu349_,PgJu",strong,strong,True
Yo5)8R0&DN>R=J,strong,strong,True
GHvdy980.?deCo,strong,strong,True
bj]-!8pX_A$lpu,strong,strong,True
nR-ME}YfazB15JE,strong,strong,True
$d-mHMASuJ)Nx*A,strong,strong,True
ZQnwv166&]GcBH,strong,strong,True
IRvcd433(#xfum,strong,strong,True
=W^{$M3zNl-;amp,strong,strong,True
G(s3hkfLsC]gI;c.,strong,strong,True
5zWw;R4=uv!UXb;,strong,strong,True
UBbrv805_(FXJh,strong,strong,True
Xy8!x-BCs2U;C,strong,strong,True
Vh3!8fsCm=IyAiX,strong,strong,True
Kd5#)RMsT9-yo&,strong,strong,True
q-==I8-X{5r9V7z&,strong,strong,True
"rLzf,fQyvsGs>;S|",strong,strong,True
&lYf;*ohDRRmdXpF<T,strong,strong,True
x:Ccbn$(-nlX7$-[Y%,strong,strong,True
IT>s%70|%.GDf+]S,strong,strong,True
[N)tJ6htQLSd!7N[h,strong,strong,True
Gw8)|gWq_YjG,strong,strong,True
59Puvx(mN({+d7#,strong,strong,True
1v.Z%c]Y{NNCuinM,strong,strong,True
Ap2)xSmw8Tchy,strong,strong,True
!*1+-){Cp7qi:Z1,strong,strong,True
3YI(e=FkZ[X;7%,strong,strong,True
"G-,KX]#-|;R-E]Tm",strong,strong,True
QPZY;q^Kfxl*O;)R[.,strong,strong,True
Qp5+We]+fB?0#b}j,strong,strong,True
QXlqx610?-Bmaz,strong,strong,True
OJssm500>;zqkT,strong,strong,True
NMwbe921?+tGcW,strong,strong,True
Zp6:M}$J}oVB{,strong,strong,True
"9Xl,_Hrc!W.gM7U@%",strong,strong,True
Ms3-]<tCHg|@i,strong,strong,True
)&B8k[8rXwKy:%Fr,strong,strong,True
TCsnn895?#FVnR,strong,strong,True
IPrxs896>:MMVA,strong,strong,True
mn4_y>1{Ft7Ws.l,strong,strong,True
Mj1&RvSb!Z_5LA,strong,strong,True
"NZxft798,)uByd",strong,strong,True
V&4m@zK|&:zq99]?,strong,strong,True
RN&JtJ<JPt=Y|cl:ze,strong,strong,True
RTwhr110_>yyvc,strong,strong,True
",3r?a&]]H^8Z",strong,strong,True
"m|$KA,VJUCb]>oB",strong,strong,True
T$xose7nNYlVD,strong,strong,True
NBqus337_|XkDB,strong,strong,True
9cy%@892vf^oeFg,strong,strong,True
VOhgw242@.vHqv,strong,strong,True
"Eenql],prA7INMsZ",strong,strong,True
"!o3V8(;|P,@H9Jn",strong,strong,True
OC^|Rqw>aH#Enj:vK,strong,strong,True
QIpdq219:_RCkg,strong,strong,True
3uMLY9EF+c7o;JA,strong,strong,True
Zp5>u23DxNqSw,strong,strong,True
MLhqm726?^kXNw,strong,strong,True
(;$Hbt^jnTTay2)Z,strong,strong,True
Zm9@pt3HxS85f,strong,strong,True
22E<{7mH&m<+MnSM,strong,strong,True
VKkvf539]{WcSs,strong,strong,True
@hD{Q*Qq.nw(Me},strong,strong,True
TUhhd421$*hgol,strong,strong,True
LPobp597}:bKFu,strong,strong,True
TDpdt823*{OlWw,strong,strong,True
Q6k@xHvAfBe#>,strong,strong,True
:=IcE^p}z>eKpS+hbD,strong,strong,True
"j#?a3d$xOf,hhi",strong,strong,True
JGael919!;Nmdg,strong,strong,True
Kq3:g&dXhD2]2,strong,strong,True
UEnnd876|<PwZF,strong,strong,True
"nlF!h_2O,dk5@WDT",strong,strong,True
>4#9iH7^P8wjISn,strong,strong,True
Vt5$*9{CiL-Ba,strong,strong,True
ZElxb236>%CmBL,strong,strong,True
VQZ5Nvw1U&-k!3Hal0,strong,strong,True
PeSozxx4kFKs:1U,strong,strong,True
nYqaxm=KQNrWg1A,strong,strong,True
9nQ{iU1U9R[>dX@,strong,strong,True
PJLdqT[FgY)My6}#,strong,strong,True
Qj2&!T6h+}VpUiTB,strong,strong,True
FXvbe140_-NjFx,strong,strong,True
"Qm0+7,5Rg:nXF+Cw",strong,strong,True
Dm4:!5gpXBKZp,strong,strong,True
DyOi$XF%Y<%p,strong,strong,True
"h$(zS2v3irnsa3,",strong,strong,True
Uv0>[PQfiB>BsA,strong,strong,True
egNiQiJ?HQ)4|C(,strong,strong,True
Mg1}AvRK^_Qm}i8,strong,strong,True
i@<ZeyY@_&Bg%i,strong,strong,True
rjF@EW6}S*!H8|MC,strong,strong,True
WGnyy310%!JRxX,strong,strong,True
"Lm2}pSU5,|pX",strong,strong,True
JZgao832)>yIoH,strong,strong,True
TAwls818.+xkUW,strong,strong,True
Ub4.%zYHCST}1,strong,strong,True
So8;v_?YV!:&Wmb7,strong,strong,True
N;p}M*Gnq#IFp,strong,strong,True
F+;Ydb-1FAoMq*>[,strong,strong,True
"lC3WOH!Og.I[3NA4,c",strong,strong,True
V7+r:M?Rw{vsQ{OI,strong,strong,True
prW3{%:bf:DI(B<.,strong,strong,True
Iw7@}b:QRGD1,strong,strong,True
.-?#g#%%uAMVHp-a3,strong,strong,True
Lx8#beOU&oc7AH$2,strong,strong,True
AOjV+O^xLhS@42[Qsu,strong,strong,True
Nn3}ZM.D(yb^,strong,strong,True
HDS(cdWdG>5r,strong,strong,True
e=yyue|<em}+h>FN,strong,strong,True
Os3?LG:SUw>bpq8E,strong,strong,True
",,ynIka}RFQzh$Ps",strong,strong,True
KLdkf891}?cLcn,strong,strong,True
S2%}Tn4*i*Fnn_Kz,strong,strong,True
Tk9@XO%5D^57:6,strong,strong,True
VSope129^_ZBtO,strong,strong,True
wU_V#Yf6@6OQ:,strong,strong,True
YAaju725${cEdB,strong,strong,True
UFbha595=|jKUJ,strong,strong,True
BAcca907>:QMuU,strong,strong,True
EThkf695$:uutG,strong,strong,True
FDtmi007<@KoVU,strong,strong,True
"RKrok461^,xlbx",strong,strong,True
CKehp213{.DqGB,strong,strong,True
&GZ|5dR.8o@IhC,strong,strong,True
RQbky594<.QJxr,strong,strong,True
Bl<E?H.Sde%:vIr}_J,strong,strong,True
EAmdj325-]CQfM,strong,strong,True
Dj8+}&|kg3et[l,strong,strong,True
My1|PvY8l0*m1ACX,strong,strong,True
"^=}0,Pi+x=s5f",strong,strong,True
Nk1&l58r!7PU2,strong,strong,True
St0<V@nyS:jXI>1,strong,strong,True
Ft0+Y*hJ}}bXP,strong,strong,True
^o>tL$Wp;Lz4huP%;{,strong,strong,True
In8}zq[mbyT12b&,strong,strong,True
du{DvdU&Ocz&c@7{,strong,strong,True
Yx9>0iQ+F.$ZSU,strong,strong,True
t]3wq8c#dZ1dS(t}6,strong,strong,True
Hr0]8G;ZJOHCQ,strong,strong,True
2?3eEKo|fH3hNt4,strong,strong,True
Ws4+>GEqr:ej,strong,strong,True
Nc1<]}fs2K3j!%,strong,strong,True
ZXgdm243;<Tdkm,strong,strong,True
Se7+k}l7bq@dZu,strong,strong,True
ONaci638?<Plbj,strong,strong,True
fHDT(:&53^W<>{2EK,strong,strong,True
NQhwe285.#gWtA,strong,strong,True
ZRerf751[{iqgf,strong,strong,True
Pe5*Td+e1$OuX_Bx,strong,strong,True
}J<g!r)|Th]%<9R)XQ,strong,strong,True
?7c$kgJQkI$r:X,strong,strong,True
Sb4[Y3w4kW?},strong,strong,True
IFtiw320-<cpHy,strong,strong,True
n2A!5$!c8Z=}Jm,strong,strong,True
Hl8}hV#bKEgB,strong,strong,True
Dh9]wwf#1Yl>xB+,strong,strong,True
22)]^MQsx!_XQ-$;,strong,strong,True
Uv5#?;.*hL<ugDq,strong,strong,True
"HIj8}=wdSJE,A@77",strong,strong,True
yKmmg&oNHHfbP{T8,strong,strong,True
hy3;D^O[kUDl,strong,strong,True
AThzz494|%eOuz,strong,strong,True
"5H9,U!=b3:9K$Zf*",strong,strong,True
|=JzG3<S7CZFTR@z,strong,strong,True
",e%=Eb0246G0z^P{",strong,strong,True
n18hwV^:.l8#)2A,strong,strong,True
SUrhd964>%RFlE,strong,strong,True
ZZrxg889=?ufEr,strong,strong,True
"j,p}Tgc.BR<.N9yx",strong,strong,True
b5[}n;D}BPiQ,strong,strong,True
"Ia5>rPKq%N,ZCxU",strong,strong,True
YWcps129%;qmCU,strong,strong,True
"AIwll508<,PWSw",strong,strong,True
AGunh485>{vPih,strong,strong,True
crKnrl=%E?*oQD,strong,strong,True
ncoQ.}I;y&gQh{,strong,strong,True
"Uk^%;,0z8R2_FVW*",strong,strong,True
IQthz027>$pado,strong,strong,True
BUxD=_s5]$h;wyt,strong,strong,True
"46b5,LiqE|tA",strong,strong,True
V7OTzG@l@9@dwTkr$,strong,strong,True
^w=t-r?mD4l6,strong,strong,True
"RKrgu460#,vnKP",strong,strong,True
Rs4$3MMVUWuY0,strong,strong,True
Vu0;bZN!K[&dwDJ,strong,strong,True
UHhzb784.-TuDj,strong,strong,True
uyDZ}7z?!H*=n3*,strong,strong,True
v>PlIGa9iJasP,strong,strong,True
WSnef409[;qPxC,strong,strong,True
SRsMQ*@xiA0f5x_M,strong,strong,True
=QPKh23hp:{*T>,strong,strong,True
M<q-3Yd2jY#(,strong,strong,True
BZwcy904-[lPpz,strong,strong,True
Qm2^h^mrjo6@,strong,strong,True
Li$S|J1(jnu8DbB,strong,strong,True
QPCW^GsNrDeIb:g,strong,strong,True
"}8N7C(yO(o90l2,lO",strong,strong,True
Mn7^47gl:oto>XXm,strong,strong,True
Tq2@cmp%ip<2oE,strong,strong,True
T=.5eL.wN_uf}L)hg,strong,strong,True
Qr5$D1F!^vf{D,strong,strong,True
U<U|u+J@?G9i,strong,strong,True
EEcll750&|lgqb,strong,strong,True
SHqzb259>}MKPA,strong,strong,True
kTr*f@xylh*HUpT0$,strong,strong,True
_sz5^Nm?@_<$QI{!,strong,strong,True
VBflh469&|QyBl,strong,strong,True
{K7hSaC4-}w)adcN,strong,strong,True
Hk2@_@M<6D-y%QpO,strong,strong,True
!?aQPHtKQm]N^3_1,strong,strong,True
Sc2+4X(ly_=U_,strong,strong,True
[dwB&nz&0Mm8S{S,strong,strong,True
D<v)|=-BdL7L8|{c,strong,strong,True
F)F6d1WJB@vkRJ,strong,strong,True
q2HN<SNb1!T^r,strong,strong,True
DRorn575^#EclW,strong,strong,True
Ql0(gy[q&<jy3,strong,strong,True
FPfwi422+:OAzv,strong,strong,True
s4vp(n1H!6Qh[*%,strong,strong,True
7{KkNON;g|7&C+,strong,strong,True
"[^%2d;QaQ]dY4n:,",strong,strong,True
Sr8>e)3kn5[lce;l,strong,strong,True
8I##P7lhN]^[+RWm,strong,strong,True
KNtlf476;]aWBw,strong,strong,True
LHpck133.@BYUc,strong,strong,True
"nKMn,pQYB=(:(",strong,strong,True
*;Ihzzm)$9uF@6,strong,strong,True
l7q&aeYiybQje,strong,strong,True
Oy6{;P$_@YX?=3At,strong,strong,True
OZwxa939.}illU,strong,strong,True
I%;yZw@;Q@%Zy8U,strong,strong,True
2XjLA%DUUn5a3,strong,strong,True
LNsqp685+<lnQN,strong,strong,True
IEomz657}^yFxV,strong,strong,True
Ma7;yM_?&c4^,strong,strong,True
lU_zHS=Anv{cTu2,strong,strong,True
e7yO9%OdObqmW1&Vmd,strong,strong,True
"zUi@SE!NP1O,t](D?v",strong,strong,True
H|a}0wGHP)Cgc*,strong,strong,True
"E5pGZ{,5zKeR+",strong,strong,True
>(P:fq8qA7.bXDB1nA,strong,strong,True
#R%l8?#zZD=SK#G,strong,strong,True
;A_?b)*L|SJb,strong,strong,True
v+ybG-<?=n;pKk,strong,strong,True
GVegz516<]BUyI,strong,strong,True
Xy9|u@oQ|?V-,strong,strong,True
EZiyh060-+TMKh,strong,strong,True
.4.>CCoQHj-1!}0,strong,strong,True
YPfjl178*{arjz,strong,strong,True
"2UU,DE0c*C6:1:2GV8",strong,strong,True
=f8[HQ2^Su95o2OT,strong,strong,True
qjn=C{oUeNBi,strong,strong,True
UHjiy324=;GgIr,strong,strong,True
FPalq026#;lxVg,strong,strong,True
HAdsy888).ENym,strong,strong,True
MnEjdwk6_&Pa2,strong,strong,True
AXjfk555:$xIBT,strong,strong,True
=y]a2ljM[:p--IQ,strong,strong,True
@N2!T5q-mTB;5mth.a,strong,strong,True
"h:$7dFl5t:_#Vuj,",strong,strong,True
HCogl801>{WPYW,strong,strong,True
is^B;L)X.Fz$#1,strong,strong,True
"3lUM.,m+%Bt<g{=N",strong,strong,True
"Uf8<Sj?,dT0sl",strong,strong,True
Ec8^.8$$Go@7rL[,strong,strong,True
EQbnx707!;AtPL,strong,strong,True
ckDL&=v310#&+W7e,strong,strong,True
acW4eFv7J<Q;{zEW@A,strong,strong,True
Vv0.dKp-1OSc,strong,strong,True
;3Fws#pn@4AXUcUQ,strong,strong,True
Wk1|+2+g-35BLqE,strong,strong,True
Zr5+lx[lwuH[!,strong,strong,True
Iy5$VLz}Bp!s2,strong,strong,True
"MAdgz541^,Rvhz",strong,strong,True
f6xa%q}5:_v6K;<l7,strong,strong,True
(f7+1KSFIp[J<,strong,strong,True
}*+K;i#WFgMEs1s,strong,strong,True
WGtqc434-_NRLF,strong,strong,True
4YYWg^6N802z:{Y1LV,strong,strong,True
[O8x4T@b#O(hLD,strong,strong,True
Nx1>bWQ>!#L>9Iy,strong,strong,True
Xy5#rFF]>Q4Klo,strong,strong,True
;OicJ89ETA(6m_+!v,strong,strong,True
V0]HpIOcPoOfH!,strong,strong,True
"W.=j1C,|P!LIq95>",strong,strong,True
Uk4!cz[|o.+l]{,strong,strong,True
St5{L)^ixE$[<B&,strong,strong,True
pPO(mWK;%m_#,strong,strong,True
Cr8)0[<J^fbh,strong,strong,True
|WYNq&q&2s{<gE,strong,strong,True
{j)nx5gI:sUNQ,strong,strong,True
NZgdHQhTqr1s,strong,strong,True
ZDsk)eccSU{E5X,strong,strong,True
xhPdLLyt!*Qt%jj-,strong,strong,True
"mB:;MSci$6l.pX20^,",strong,strong,True
7Qr_%o]|_->O;#,strong,strong,True
iL)vqhYs<Wr-P5,strong,strong,True
JElgn855!%CKAL,strong,strong,True
:97s^so_D8G-,strong,strong,True
DrOnV1JC+8MvGSg,strong,strong,True
LYmfv810+{Plzx,strong,strong,True
NNzwv709(}BzdQ,strong,strong,True
#v%(y<3<XrH+Zop|,strong,strong,True
"ly,3mN;$sa><BTE",strong,strong,True
Ph9;XzeZF:cQR^jr,strong,strong,True
w>>YZ6il|wQpaR$$0,strong,strong,True
]?JzJY:*bZoyhRtz%$,strong,strong,True
Fb0+^@2&S!hDza:=,strong,strong,True
dU$oU3Ju}Vwow#T_,strong,strong,True
8Tr|shH(Z7+G0AG1A,strong,strong,True
Kz9>f9tCRngy,strong,strong,True
wF.;<*csRHo%V,strong,strong,True
^5g7=)dtDSXDgQq,strong,strong,True
Zj8-S2c8]qR%,strong,strong,True
QZgqd686[{DaSg,strong,strong,True
XScqr412@+pxbs,strong,strong,True
mgbw@BioIqerC,strong,strong,True
ZGcjz925!:XEbJ,strong,strong,True
Ph0%U-r5U[IcIK{,strong,strong,True
VCaxr494<<nBqQ,strong,strong,True
Kt4[q]*gBTud,strong,strong,True
"tvvpwpUPg1B,:Q5?",strong,strong,True
UCzzb335+)mrkM,strong,strong,True
QPwry839|}KGnk,strong,strong,True
Hm2^9K@@N7fSw,strong,strong,True
nQ%687fT}j|91+,strong,strong,True
VIlqc187+$trjt,strong,strong,True
Nw9($.(Ke&spg(}=,strong,strong,True
Jb5.%kizntBrJ<,strong,strong,True
#0A+8syN|A&z,strong,strong,True
PJbnp979_[ctkg,strong,strong,True
Id^azqP}}RVgT4,strong,strong,True
DQzoi711$-pYMv,strong,strong,True
GQtov136#@TpWl,strong,strong,True
"4RHaN3nP,45RZ,",strong,strong,True
%ywCOp7f^}VH,strong,strong,True
XBcxq426(!euGg,strong,strong,True
QW-4V^&>Tt[S3cz,strong,strong,True
XDwtt299-]kRLL,strong,strong,True
MXbgf177@>HZFf,strong,strong,True
Yt5;XMj].jBf,strong,strong,True
l%({WW7Uo>n{e,strong,strong,True
IFzfk724=%HHbD,strong,strong,True
GvY[}]Ju]kO-|a<,strong,strong,True
Q0}o_}#y>>P4avnE,strong,strong,True
_-jeCD@=L}bg27rN},strong,strong,True
:H1XjzeQ>t:7BbuS,strong,strong,True
"R0XY&HyoMMdnO,%",strong,strong,True
QHelq857;?QUzy,strong,strong,True
"Yp5@+N0K%l3E,P9",strong,strong,True
VFKodx+pFEc&7x*gY},strong,strong,True
PRryb374=-FYvT,strong,strong,True
_P8##JeXgN^@&?|:(%,strong,strong,True
Bf7?Rb=JP*O4Yq,strong,strong,True
Ny4[2yN(uEPkkPX,strong,strong,True
Mo6=xV_r{z986a,strong,strong,True
aO=M9cK#W%=^;2,strong,strong,True
ddtJW0>OD?mc.t,strong,strong,True
Mo1+5iM#m_e1l[F,strong,strong,True
"PZysq959!,QtvF",strong,strong,True
Xg4[8-hr(9I_(v},strong,strong,True
DTlus911}%Bqxi,strong,strong,True
J-Jgfb?]uTh{hrPdF,strong,strong,True
t3DHCD=eX)4OQ_+m6,strong,strong,True
"vo;Hr-9l8H,)Gc2y",strong,strong,True
p2VTk=)7@:uq(2,strong,strong,True
PQgmr160@<ZdwV,strong,strong,True
Li4+DrJ}0LmPd;;|,strong,strong,True
FJgci585:(jlzL,strong,strong,True
rq#f6]<$0F4C#&s,strong,strong,True
Ux5f.PT<@#JbnjU#,strong,strong,True
Cq4{@6K7mJ(.,strong,strong,True
"DUkrr782,(nJhh",strong,strong,True
?Nu7nEH@ySfl@Iui,strong,strong,True
p0>+Dcx[jV.>$P,strong,strong,True
UJixy029};RfIM,strong,strong,True
7rekp#eH;(|E:P#,strong,strong,True
dok4tg$nO1C;@#E:O#,strong,strong,True
xi}Zn_}f61myb<WQ,strong,strong,True
Aq>BOEw@!UD%,strong,strong,True
",f3Fl}^+2U[T",strong,strong,True
ozxIVXH35[2>RL,strong,strong,True
"Cl8&]i,1l}@h;-S",strong,strong,True
Rq7]cUh;u[N*xr,strong,strong,True
Db0#+F0xPkrv,strong,strong,True
UDxjs035{_cHFK,strong,strong,True
W$*Ax9$8{:WI|hV1L:,strong,strong,True
$1L%%K}.fl72YFe,strong,strong,True
OLrkq169(^Twtk,strong,strong,True
XV9^D#;7@{7mNMll,strong,strong,True
thSx:>IkT7N|(,strong,strong,True
bxr5au:T=QO0!|Sh,strong,strong,True
*:8vAC(]%Uz4P],strong,strong,True
x@9b=4^L4{PnlMkPd,strong,strong,True
k>6Cq_W-*NK&Cv,strong,strong,True
ROtvi926!^RXpl,strong,strong,True
vk+74jgntPoSHHpU,strong,strong,True
5Ti|XX?P=@TkM,strong,strong,True
